workerid,proliferate.condition,SpeakerGender,list,list_firstSocCond,name,response,rt,slide_number_in_experiment,socialCondition,socialInfo,socialInfo_code,trigger_class,whichSocConditionFirst,error
3647,default,M,list1,list1-R,Eric,0.62,17276,4,R,non-southern,N,Empty,R,
3647,default,M,list1,list1-R,Scott,0.67,6832,5,D,non-southern,N,C,R,
3647,default,F,list1,list1-R,Lisa,0.89,9832,6,D,non-southern,N,C,R,
3647,default,F,list1,list1-R,Rachel,0.91,5680,7,R,southern,S,C,R,
3647,default,M,list1,list1-R,Andrew,1,5040,8,R,southern,S,C,R,
3647,default,F,list1,list1-R,Rebecca,0.27,4440,9,D,non-southern,N,Empty,R,
3647,default,M,list1,list1-R,Tim,0.16,4784,10,R,non-southern,N,C,R,
3647,default,M,list1,list1-R,William,0.73,8064,11,D,non-southern,N,C,R,
3647,default,M,list1,list1-R,Joseph,0.97,4383,12,R,southern,S,C,R,
3647,default,F,list1,list1-R,Emily,0,3295,13,R,non-southern,N,C,R,
3647,default,F,list1,list1-R,Stephanie,0,7296,14,D,Republican,R,Party,R,
3647,default,M,list1,list1-R,Jeff,0.89,4320,15,R,southern,S,Empty,R,
3647,default,F,list1,list1-R,Jessica,0.77,9223,16,R,non-southern,N,C,R,
3647,default,M,list1,list1-R,Patrick,1,4095,17,R,Republican,R,Party,R,
3647,default,F,list1,list1-R,Haley,0.15,3728,18,D,southern,S,C,R,
3647,default,M,list1,list1-R,Ryan,0.07,3760,19,D,southern,S,C,R,
3647,default,M,list1,list1-R,Justin,0,3912,20,R,Democrat,D,Party,R,
3647,default,F,list1,list1-R,Sarah,0.9,5359,21,R,southern,S,C,R,
3647,default,F,list1,list1-R,Elizabeth,0.88,5431,22,D,non-southern,N,C,R,
3647,default,M,list1,list1-R,Michael,0.12,4631,23,D,southern,S,C,R,
3647,default,F,list1,list1-R,Donna,0.09,3775,24,D,southern,S,C,R,
3647,default,M,list1,list1-R,David,0.74,5614,25,R,non-southern,N,C,R,
3647,default,F,list1,list1-R,Angela,0.15,4015,26,D,southern,S,Empty,R,
3647,default,F,list1,list1-R,Amanda,1,7576,27,D,Democrat,D,Party,R,
3642,default,M,list2,list2-D,Paul,0.43,25901,4,R,southern,S,C,D,
3642,default,M,list2,list2-D,Eric,0.77,7326,5,D,non-southern,N,Empty,D,
3642,default,F,list2,list2-D,Helen,0.99,7047,6,D,non-southern,N,C,D,
3642,default,M,list2,list2-D,Kenneth,0.43,8623,7,R,non-southern,N,C,D,
3642,default,F,list2,list2-D,Amanda,0.01,18791,8,R,Democrat,D,Party,D,
3642,default,F,list2,list2-D,Jennifer,0.74,10543,9,D,non-southern,N,C,D,
3642,default,M,list2,list2-D,Jeff,0.71,10246,10,D,southern,S,Empty,D,
3642,default,F,list2,list2-D,Rebecca,0.02,7447,11,R,non-southern,N,Empty,D,
3642,default,M,list2,list2-D,Justin,1,8047,12,D,Democrat,D,Party,D,
3642,default,F,list2,list2-D,Ashley,0.72,15967,13,R,southern,S,C,D,
3642,default,M,list2,list2-D,Christopher,0.4,6934,14,R,southern,S,C,D,
3642,default,M,list2,list2-D,Daniel,0.02,6431,15,R,non-southern,N,C,D,
3642,default,M,list2,list2-D,Anthony,0.35,10494,16,D,southern,S,C,D,
3642,default,M,list2,list2-D,Jason,0.75,12311,17,D,southern,S,C,D,
3642,default,F,list2,list2-D,Angela,0.03,6623,18,R,southern,S,Empty,D,
3642,default,F,list2,list2-D,Michelle,0.01,8215,19,R,non-southern,N,C,D,
3642,default,M,list2,list2-D,John,0.99,6462,20,D,non-southern,N,C,D,
3642,default,F,list2,list2-D,Stephanie,0.99,5863,21,R,Republican,R,Party,D,
3642,default,F,list2,list2-D,Emma,0.23,6855,22,R,southern,S,C,D,
3642,default,F,list2,list2-D,Anna,0.3,5311,23,R,non-southern,N,C,D,
3642,default,F,list2,list2-D,Kimberly,0.44,11871,24,D,southern,S,C,D,
3642,default,M,list2,list2-D,Patrick,0.02,5783,25,D,Republican,R,Party,D,
3642,default,M,list2,list2-D,James,0.99,12663,26,D,non-southern,N,C,D,
3642,default,F,list2,list2-D,Amy,0.69,7215,27,D,southern,S,C,D,
3652,default,F,list1,list1-R,Lisa,0.64,22485,4,D,non-southern,N,C,R,
3652,default,F,list1,list1-R,Elizabeth,0.65,5872,5,D,non-southern,N,C,R,
3652,default,M,list1,list1-R,David,0.42,7616,6,R,non-southern,N,C,R,
3652,default,M,list1,list1-R,Jeff,0.63,5320,7,R,southern,S,Empty,R,
3652,default,M,list1,list1-R,Ryan,0.43,8040,8,D,southern,S,C,R,
3652,default,F,list1,list1-R,Emily,0.43,12592,9,R,non-southern,N,C,R,
3652,default,F,list1,list1-R,Amanda,0.68,6551,10,D,Democrat,D,Party,R,
3652,default,F,list1,list1-R,Sarah,0.28,5991,11,R,southern,S,C,R,
3652,default,M,list1,list1-R,Andrew,0.72,6111,12,R,southern,S,C,R,
3652,default,M,list1,list1-R,William,0.33,6524,13,D,non-southern,N,C,R,
3652,default,M,list1,list1-R,Scott,0.51,8135,14,D,non-southern,N,C,R,
3652,default,F,list1,list1-R,Haley,0.43,7135,15,D,southern,S,C,R,
3652,default,F,list1,list1-R,Donna,0.27,6535,16,D,southern,S,C,R,
3652,default,M,list1,list1-R,Tim,0.26,6392,17,R,non-southern,N,C,R,
3652,default,M,list1,list1-R,Joseph,0.64,6552,18,R,southern,S,C,R,
3652,default,F,list1,list1-R,Jessica,0.44,6992,19,R,non-southern,N,C,R,
3652,default,M,list1,list1-R,Michael,0.4,6608,20,D,southern,S,C,R,
3652,default,M,list1,list1-R,Patrick,0.98,8760,21,R,Republican,R,Party,R,
3652,default,F,list1,list1-R,Rebecca,0.58,9530,22,D,non-southern,N,Empty,R,
3652,default,F,list1,list1-R,Angela,0.35,8512,23,D,southern,S,Empty,R,
3652,default,F,list1,list1-R,Stephanie,0.02,5416,24,D,Republican,R,Party,R,
3652,default,M,list1,list1-R,Justin,0.02,6136,25,R,Democrat,D,Party,R,
3652,default,F,list1,list1-R,Rachel,0.64,8311,26,R,southern,S,C,R,
3652,default,M,list1,list1-R,Eric,0.56,5735,27,R,non-southern,N,Empty,R,
3683,default,F,list1,list1-R,Angela,0.33,23992,4,D,southern,S,Empty,R,
3683,default,M,list1,list1-R,Eric,0.1,10392,5,R,non-southern,N,Empty,R,
3683,default,F,list1,list1-R,Elizabeth,0.99,16537,6,D,non-southern,N,C,R,
3683,default,M,list1,list1-R,Scott,0.85,8522,7,D,non-southern,N,C,R,
3683,default,M,list1,list1-R,Ryan,0.19,14031,8,D,southern,S,C,R,
3683,default,F,list1,list1-R,Amanda,1,8157,9,D,Democrat,D,Party,R,
3683,default,M,list1,list1-R,Michael,0.09,12925,10,D,southern,S,C,R,
3683,default,F,list1,list1-R,Rebecca,0.76,7936,11,D,non-southern,N,Empty,R,
3683,default,M,list1,list1-R,Andrew,0.5,11553,12,R,southern,S,C,R,
3683,default,M,list1,list1-R,Tim,0,10385,13,R,non-southern,N,C,R,
3683,default,F,list1,list1-R,Rachel,0.94,12688,14,R,southern,S,C,R,
3683,default,M,list1,list1-R,Jeff,0.91,10724,15,R,southern,S,Empty,R,
3683,default,F,list1,list1-R,Stephanie,0,8077,16,D,Republican,R,Party,R,
3683,default,F,list1,list1-R,Jessica,0.1,12261,17,R,non-southern,N,C,R,
3683,default,M,list1,list1-R,Joseph,0.9,12263,18,R,southern,S,C,R,
3683,default,F,list1,list1-R,Emily,0,10906,19,R,non-southern,N,C,R,
3683,default,M,list1,list1-R,Justin,0,7810,20,R,Democrat,D,Party,R,
3683,default,F,list1,list1-R,Donna,0.32,17143,21,D,southern,S,C,R,
3683,default,F,list1,list1-R,Sarah,0.87,11541,22,R,southern,S,C,R,
3683,default,F,list1,list1-R,Lisa,0.78,13618,23,D,non-southern,N,C,R,
3683,default,M,list1,list1-R,William,0.86,9934,24,D,non-southern,N,C,R,
3683,default,F,list1,list1-R,Haley,0.18,12182,25,D,southern,S,C,R,
3683,default,M,list1,list1-R,Patrick,1,8137,26,R,Republican,R,Party,R,
3683,default,M,list1,list1-R,David,0.16,10891,27,R,non-southern,N,C,R,
3662,default,M,list1,list1-D,Eric,0.43,13715,4,D,non-southern,N,Empty,D,
3662,default,M,list1,list1-D,Scott,0.57,7017,5,R,non-southern,N,C,D,
3662,default,M,list1,list1-D,William,0.41,8333,6,R,non-southern,N,C,D,
3662,default,F,list1,list1-D,Amanda,0.14,10844,7,R,Democrat,D,Party,D,
3662,default,F,list1,list1-D,Sarah,0.51,12146,8,D,southern,S,C,D,
3662,default,M,list1,list1-D,Tim,0.9,5692,9,D,non-southern,N,C,D,
3662,default,M,list1,list1-D,Patrick,0.98,5724,10,D,Republican,R,Party,D,
3662,default,M,list1,list1-D,Joseph,0.47,9033,11,D,southern,S,C,D,
3662,default,F,list1,list1-D,Elizabeth,0.5,17571,12,R,non-southern,N,C,D,
3662,default,F,list1,list1-D,Jessica,0.8,9729,13,D,non-southern,N,C,D,
3662,default,F,list1,list1-D,Rachel,0.54,7938,14,D,southern,S,C,D,
3662,default,F,list1,list1-D,Stephanie,0.98,7897,15,R,Republican,R,Party,D,
3662,default,M,list1,list1-D,David,0.71,5790,16,D,non-southern,N,C,D,
3662,default,F,list1,list1-D,Donna,0.76,5481,17,R,southern,S,C,D,
3662,default,F,list1,list1-D,Lisa,0.03,5054,18,R,non-southern,N,C,D,
3662,default,F,list1,list1-D,Haley,0.51,6579,19,R,southern,S,C,D,
3662,default,F,list1,list1-D,Rebecca,0.51,3632,20,R,non-southern,N,Empty,D,
3662,default,M,list1,list1-D,Andrew,0.43,7178,21,D,southern,S,C,D,
3662,default,M,list1,list1-D,Jeff,0.52,3237,22,D,southern,S,Empty,D,
3662,default,M,list1,list1-D,Michael,0.85,7098,23,R,southern,S,C,D,
3662,default,F,list1,list1-D,Angela,0.2,4893,24,R,southern,S,Empty,D,
3662,default,F,list1,list1-D,Emily,0.9,6731,25,D,non-southern,N,C,D,
3662,default,M,list1,list1-D,Ryan,0.75,15741,26,R,southern,S,C,D,
3662,default,M,list1,list1-D,Justin,0.83,11005,27,D,Democrat,D,Party,D,
3671,default,F,list1,list1-D,Amanda,0.29,16814,4,R,Democrat,D,Party,D,
3671,default,M,list1,list1-D,Eric,0.57,4757,5,D,non-southern,N,Empty,D,
3671,default,M,list1,list1-D,Ryan,0.84,5848,6,R,southern,S,C,D,
3671,default,F,list1,list1-D,Emily,1,8152,7,D,non-southern,N,C,D,
3671,default,M,list1,list1-D,Michael,0.85,6196,8,R,southern,S,C,D,
3671,default,F,list1,list1-D,Donna,0.61,8178,9,R,southern,S,C,D,
3671,default,M,list1,list1-D,William,0.57,6628,10,R,non-southern,N,C,D,
3671,default,F,list1,list1-D,Rachel,0.7,6605,11,D,southern,S,C,D,
3671,default,M,list1,list1-D,Joseph,0.3,5959,12,D,southern,S,C,D,
3671,default,F,list1,list1-D,Jessica,0.44,4925,13,D,non-southern,N,C,D,
3671,default,M,list1,list1-D,Patrick,0,9857,14,D,Republican,R,Party,D,
3671,default,M,list1,list1-D,Tim,0.99,7527,15,D,non-southern,N,C,D,
3671,default,F,list1,list1-D,Sarah,0.47,8080,16,D,southern,S,C,D,
3671,default,M,list1,list1-D,Scott,0.38,7928,17,R,non-southern,N,C,D,
3671,default,F,list1,list1-D,Angela,0.36,9685,18,R,southern,S,Empty,D,
3671,default,M,list1,list1-D,Jeff,0.43,4952,19,D,southern,S,Empty,D,
3671,default,F,list1,list1-D,Lisa,0.11,7295,20,R,non-southern,N,C,D,
3671,default,F,list1,list1-D,Stephanie,1,6096,21,R,Republican,R,Party,D,
3671,default,F,list1,list1-D,Rebecca,0.65,4253,22,R,non-southern,N,Empty,D,
3671,default,M,list1,list1-D,David,0.68,5821,23,D,non-southern,N,C,D,
3671,default,M,list1,list1-D,Andrew,0.1,7658,24,D,southern,S,C,D,
3671,default,F,list1,list1-D,Haley,0.52,11655,25,R,southern,S,C,D,
3671,default,M,list1,list1-D,Justin,1,4693,26,D,Democrat,D,Party,D,
3671,default,F,list1,list1-D,Elizabeth,0.14,3577,27,R,non-southern,N,C,D,
3654,default,M,list1,list1-R,Patrick,0.98,20446,4,R,Republican,R,Party,R,
3654,default,F,list1,list1-R,Elizabeth,0.98,38814,5,D,non-southern,N,C,R,
3654,default,F,list1,list1-R,Stephanie,0.02,12014,6,D,Republican,R,Party,R,
3654,default,F,list1,list1-R,Sarah,0.71,13575,7,R,southern,S,C,R,
3654,default,M,list1,list1-R,Justin,0.02,9541,8,R,Democrat,D,Party,R,
3654,default,M,list1,list1-R,David,0.4,16350,9,R,non-southern,N,C,R,
3654,default,F,list1,list1-R,Rebecca,0.84,9503,10,D,non-southern,N,Empty,R,
3654,default,M,list1,list1-R,Eric,0.36,8598,11,R,non-southern,N,Empty,R,
3654,default,F,list1,list1-R,Amanda,0.99,8726,12,D,Democrat,D,Party,R,
3654,default,F,list1,list1-R,Angela,0.48,6942,13,D,southern,S,Empty,R,
3654,default,F,list1,list1-R,Donna,0.42,11414,14,D,southern,S,C,R,
3654,default,F,list1,list1-R,Haley,0.31,8415,15,D,southern,S,C,R,
3654,default,M,list1,list1-R,Ryan,0.26,9447,16,D,southern,S,C,R,
3654,default,M,list1,list1-R,Joseph,0.83,6440,17,R,southern,S,C,R,
3654,default,M,list1,list1-R,Jeff,0.59,8278,18,R,southern,S,Empty,R,
3654,default,M,list1,list1-R,Scott,0.65,8182,19,D,non-southern,N,C,R,
3654,default,F,list1,list1-R,Jessica,0.18,6608,20,R,non-southern,N,C,R,
3654,default,F,list1,list1-R,Lisa,0.92,8742,21,D,non-southern,N,C,R,
3654,default,M,list1,list1-R,Andrew,0.9,7574,22,R,southern,S,C,R,
3654,default,F,list1,list1-R,Emily,0.07,15006,23,R,non-southern,N,C,R,
3654,default,M,list1,list1-R,Michael,0.37,7782,24,D,southern,S,C,R,
3654,default,M,list1,list1-R,Tim,0.16,20095,25,R,non-southern,N,C,R,
3654,default,F,list1,list1-R,Rachel,0.67,6182,26,R,southern,S,C,R,
3654,default,M,list1,list1-R,William,0.79,10359,27,D,non-southern,N,C,R,
3655,default,M,list2,list2-R,James,0.2,25336,4,R,non-southern,N,C,R,
3655,default,F,list2,list2-R,Kimberly,0.8,6496,5,R,southern,S,C,R,
3655,default,F,list2,list2-R,Angela,0.28,4414,6,D,southern,S,Empty,R,
3655,default,F,list2,list2-R,Jennifer,0.38,6914,7,R,non-southern,N,C,R,
3655,default,M,list2,list2-R,Paul,0.75,5800,8,D,southern,S,C,R,
3655,default,M,list2,list2-R,Anthony,0.41,4517,9,R,southern,S,C,R,
3655,default,M,list2,list2-R,John,0.15,4436,10,R,non-southern,N,C,R,
3655,default,M,list2,list2-R,Jason,0.69,5410,11,R,southern,S,C,R,
3655,default,M,list2,list2-R,Patrick,1,6695,12,R,Republican,R,Party,R,
3655,default,F,list2,list2-R,Amy,0.54,4664,13,R,southern,S,C,R,
3655,default,F,list2,list2-R,Rebecca,0.72,31805,14,D,non-southern,N,Empty,R,
3655,default,F,list2,list2-R,Michelle,0.81,4896,15,D,non-southern,N,C,R,
3655,default,M,list2,list2-R,Justin,0,4113,16,R,Democrat,D,Party,R,
3655,default,F,list2,list2-R,Amanda,1,4200,17,D,Democrat,D,Party,R,
3655,default,M,list2,list2-R,Christopher,0.29,3973,18,D,southern,S,C,R,
3655,default,F,list2,list2-R,Stephanie,0,3930,19,D,Republican,R,Party,R,
3655,default,M,list2,list2-R,Eric,0.32,3539,20,R,non-southern,N,Empty,R,
3655,default,F,list2,list2-R,Emma,0.32,4392,21,D,southern,S,C,R,
3655,default,F,list2,list2-R,Helen,0.01,5499,22,R,non-southern,N,C,R,
3655,default,M,list2,list2-R,Jeff,0.66,3451,23,R,southern,S,Empty,R,
3655,default,F,list2,list2-R,Ashley,0.6,3247,24,D,southern,S,C,R,
3655,default,M,list2,list2-R,Kenneth,0.37,4469,25,D,non-southern,N,C,R,
3655,default,M,list2,list2-R,Daniel,0.8,3667,26,D,non-southern,N,C,R,
3655,default,F,list2,list2-R,Anna,0.76,4340,27,D,non-southern,N,C,R,
3672,default,F,list1,list1-R,Elizabeth,0.84,6351,4,D,non-southern,N,C,R,
3672,default,F,list1,list1-R,Donna,0.07,3780,5,D,southern,S,C,R,
3672,default,M,list1,list1-R,Justin,0,5600,6,R,Democrat,D,Party,R,
3672,default,M,list1,list1-R,Jeff,0.29,3491,7,R,southern,S,Empty,R,
3672,default,F,list1,list1-R,Rebecca,0.62,4255,8,D,non-southern,N,Empty,R,
3672,default,M,list1,list1-R,Patrick,1,4442,9,R,Republican,R,Party,R,
3672,default,F,list1,list1-R,Sarah,0.78,5006,10,R,southern,S,C,R,
3672,default,M,list1,list1-R,Joseph,0.72,5727,11,R,southern,S,C,R,
3672,default,F,list1,list1-R,Emily,0.11,3670,12,R,non-southern,N,C,R,
3672,default,M,list1,list1-R,Tim,0.08,3090,13,R,non-southern,N,C,R,
3672,default,F,list1,list1-R,Haley,0.27,4292,14,D,southern,S,C,R,
3672,default,F,list1,list1-R,Lisa,0.84,3655,15,D,non-southern,N,C,R,
3672,default,F,list1,list1-R,Stephanie,0,3958,16,D,Republican,R,Party,R,
3672,default,F,list1,list1-R,Rachel,0.83,3968,17,R,southern,S,C,R,
3672,default,M,list1,list1-R,Ryan,0.49,3533,18,D,southern,S,C,R,
3672,default,M,list1,list1-R,Andrew,1,3126,19,R,southern,S,C,R,
3672,default,M,list1,list1-R,Scott,0.79,4107,20,D,non-southern,N,C,R,
3672,default,F,list1,list1-R,Jessica,0.38,3892,21,R,non-southern,N,C,R,
3672,default,M,list1,list1-R,William,0.57,3015,22,D,non-southern,N,C,R,
3672,default,M,list1,list1-R,David,0.36,4381,23,R,non-southern,N,C,R,
3672,default,M,list1,list1-R,Eric,0.21,3923,24,R,non-southern,N,Empty,R,
3672,default,F,list1,list1-R,Angela,0.11,2518,25,D,southern,S,Empty,R,
3672,default,F,list1,list1-R,Amanda,0.99,3869,26,D,Democrat,D,Party,R,
3672,default,M,list1,list1-R,Michael,0.06,2940,27,D,southern,S,C,R,
3650,default,F,list1,list1-D,Sarah,0.46,18693,4,D,southern,S,C,D,
3650,default,M,list1,list1-D,Ryan,0.64,12856,5,R,southern,S,C,D,
3650,default,M,list1,list1-D,Patrick,0.01,12768,6,D,Republican,R,Party,D,
3650,default,M,list1,list1-D,Justin,0.99,6389,7,D,Democrat,D,Party,D,
3650,default,F,list1,list1-D,Amanda,0,6547,8,R,Democrat,D,Party,D,
3650,default,F,list1,list1-D,Donna,0.8,14039,9,R,southern,S,C,D,
3650,default,F,list1,list1-D,Angela,0.24,14895,10,R,southern,S,Empty,D,
3650,default,M,list1,list1-D,Eric,0.86,10214,11,D,non-southern,N,Empty,D,
3650,default,M,list1,list1-D,Scott,0.66,15952,12,R,non-southern,N,C,D,
3650,default,M,list1,list1-D,Michael,0.86,16604,13,R,southern,S,C,D,
3650,default,F,list1,list1-D,Elizabeth,0.61,13859,14,R,non-southern,N,C,D,
3650,default,M,list1,list1-D,William,0.53,21508,15,R,non-southern,N,C,D,
3650,default,M,list1,list1-D,Tim,0.99,17279,16,D,non-southern,N,C,D,
3650,default,F,list1,list1-D,Rebecca,0.24,17672,17,R,non-southern,N,Empty,D,
3650,default,F,list1,list1-D,Emily,0.86,10777,18,D,non-southern,N,C,D,
3650,default,F,list1,list1-D,Rachel,0.85,12059,19,D,southern,S,C,D,
3650,default,F,list1,list1-D,Stephanie,0.98,13443,20,R,Republican,R,Party,D,
3650,default,F,list1,list1-D,Jessica,0.54,33388,21,D,non-southern,N,C,D,
3650,default,M,list1,list1-D,Joseph,0.37,10540,22,D,southern,S,C,D,
3650,default,M,list1,list1-D,David,0.93,12801,23,D,non-southern,N,C,D,
3650,default,F,list1,list1-D,Haley,0.19,16660,24,R,southern,S,C,D,
3650,default,M,list1,list1-D,Jeff,0.75,24174,25,D,southern,S,Empty,D,
3650,default,F,list1,list1-D,Lisa,0.87,9551,26,R,non-southern,N,C,D,
3650,default,M,list1,list1-D,Andrew,0.5,18561,27,D,southern,S,C,D,
3646,default,F,list2,list2-R,Stephanie,0,29785,4,D,Republican,R,Party,R,
3646,default,F,list2,list2-R,Anna,0.62,24650,5,D,non-southern,N,C,R,
3646,default,F,list2,list2-R,Amy,0.37,10843,6,R,southern,S,C,R,
3646,default,F,list2,list2-R,Angela,0.2,8989,7,D,southern,S,Empty,R,
3646,default,M,list2,list2-R,Paul,0.54,13591,8,D,southern,S,C,R,
3646,default,M,list2,list2-R,Jeff,0.22,10442,9,R,southern,S,Empty,R,
3646,default,F,list2,list2-R,Amanda,1,5621,10,D,Democrat,D,Party,R,
3646,default,F,list2,list2-R,Kimberly,0.33,9425,11,R,southern,S,C,R,
3646,default,M,list2,list2-R,Justin,0.01,8606,12,R,Democrat,D,Party,R,
3646,default,M,list2,list2-R,John,0.12,39899,13,R,non-southern,N,C,R,
3646,default,F,list2,list2-R,Rebecca,0.66,6635,14,D,non-southern,N,Empty,R,
3646,default,F,list2,list2-R,Emma,0.59,10769,15,D,southern,S,C,R,
3646,default,M,list2,list2-R,Patrick,0.99,7918,16,R,Republican,R,Party,R,
3646,default,M,list2,list2-R,Kenneth,0.25,11937,17,D,non-southern,N,C,R,
3646,default,F,list2,list2-R,Michelle,0.66,13814,18,D,non-southern,N,C,R,
3646,default,M,list2,list2-R,Daniel,0.73,11645,19,D,non-southern,N,C,R,
3646,default,M,list2,list2-R,Eric,0.81,8761,20,R,non-southern,N,Empty,R,
3646,default,F,list2,list2-R,Ashley,0.16,10787,21,D,southern,S,C,R,
3646,default,M,list2,list2-R,Christopher,0.74,12850,22,D,southern,S,C,R,
3646,default,M,list2,list2-R,Jason,0.7,13334,23,R,southern,S,C,R,
3646,default,F,list2,list2-R,Jennifer,0.65,59394,24,R,non-southern,N,C,R,
3646,default,M,list2,list2-R,Anthony,0.89,15833,25,R,southern,S,C,R,
3646,default,F,list2,list2-R,Helen,0.07,7987,26,R,non-southern,N,C,R,
3646,default,M,list2,list2-R,James,0.17,8568,27,R,non-southern,N,C,R,
3651,default,M,list2,list2-R,Daniel,0.71,12884,4,D,non-southern,N,C,R,
3651,default,M,list2,list2-R,Jason,0.73,6593,5,R,southern,S,C,R,
3651,default,M,list2,list2-R,Christopher,0.25,8189,6,D,southern,S,C,R,
3651,default,F,list2,list2-R,Michelle,0.64,5602,7,D,non-southern,N,C,R,
3651,default,M,list2,list2-R,John,0.11,7440,8,R,non-southern,N,C,R,
3651,default,F,list2,list2-R,Stephanie,0.14,8407,9,D,Republican,R,Party,R,
3651,default,F,list2,list2-R,Emma,0.32,16687,10,D,southern,S,C,R,
3651,default,M,list2,list2-R,Kenneth,0.71,5092,11,D,non-southern,N,C,R,
3651,default,F,list2,list2-R,Rebecca,0.78,5130,12,D,non-southern,N,Empty,R,
3651,default,F,list2,list2-R,Anna,0.8,5354,13,D,non-southern,N,C,R,
3651,default,F,list2,list2-R,Amy,0.86,5685,14,R,southern,S,C,R,
3651,default,F,list2,list2-R,Angela,0.4,6375,15,D,southern,S,Empty,R,
3651,default,M,list2,list2-R,Patrick,1,8123,16,R,Republican,R,Party,R,
3651,default,M,list2,list2-R,Anthony,0.73,4514,17,R,southern,S,C,R,
3651,default,F,list2,list2-R,Helen,0.11,4229,18,R,non-southern,N,C,R,
3651,default,M,list2,list2-R,Justin,0.01,4807,19,R,Democrat,D,Party,R,
3651,default,M,list2,list2-R,Eric,0.63,4177,20,R,non-southern,N,Empty,R,
3651,default,F,list2,list2-R,Kimberly,0.7,5032,21,R,southern,S,C,R,
3651,default,M,list2,list2-R,Jeff,0.5,5416,22,R,southern,S,Empty,R,
3651,default,F,list2,list2-R,Amanda,0.99,4980,23,D,Democrat,D,Party,R,
3651,default,F,list2,list2-R,Jennifer,0.66,5999,24,R,non-southern,N,C,R,
3651,default,F,list2,list2-R,Ashley,0.11,6008,25,D,southern,S,C,R,
3651,default,M,list2,list2-R,Paul,0.41,4950,26,D,southern,S,C,R,
3651,default,M,list2,list2-R,James,0.27,4611,27,R,non-southern,N,C,R,
3692,default,F,list1,list1-R,Donna,0.1,8813,4,D,southern,S,C,R,
3692,default,M,list1,list1-R,Patrick,0.97,6766,5,R,Republican,R,Party,R,
3692,default,F,list1,list1-R,Stephanie,0.02,7712,6,D,Republican,R,Party,R,
3692,default,F,list1,list1-R,Rebecca,0.74,4232,7,D,non-southern,N,Empty,R,
3692,default,M,list1,list1-R,Scott,0.82,3907,8,D,non-southern,N,C,R,
3692,default,M,list1,list1-R,Eric,0.66,6218,9,R,non-southern,N,Empty,R,
3692,default,M,list1,list1-R,Michael,0.11,5258,10,D,southern,S,C,R,
3692,default,F,list1,list1-R,Haley,0.31,3372,11,D,southern,S,C,R,
3692,default,F,list1,list1-R,Emily,0.06,3101,12,R,non-southern,N,C,R,
3692,default,M,list1,list1-R,David,0.39,4026,13,R,non-southern,N,C,R,
3692,default,M,list1,list1-R,Ryan,0.2,3210,14,D,southern,S,C,R,
3692,default,M,list1,list1-R,Jeff,0.83,3359,15,R,southern,S,Empty,R,
3692,default,F,list1,list1-R,Amanda,0.98,2765,16,D,Democrat,D,Party,R,
3692,default,F,list1,list1-R,Lisa,0.81,4172,17,D,non-southern,N,C,R,
3692,default,M,list1,list1-R,Joseph,0.88,2821,18,R,southern,S,C,R,
3692,default,F,list1,list1-R,Jessica,0.12,2966,19,R,non-southern,N,C,R,
3692,default,M,list1,list1-R,Justin,0.02,2966,20,R,Democrat,D,Party,R,
3692,default,M,list1,list1-R,William,0.79,8721,21,D,non-southern,N,C,R,
3692,default,M,list1,list1-R,Andrew,0.92,4042,22,R,southern,S,C,R,
3692,default,M,list1,list1-R,Tim,0.14,2750,23,R,non-southern,N,C,R,
3692,default,F,list1,list1-R,Sarah,0.84,3155,24,R,southern,S,C,R,
3692,default,F,list1,list1-R,Elizabeth,0.96,2993,25,D,non-southern,N,C,R,
3692,default,F,list1,list1-R,Angela,0.22,3512,26,D,southern,S,Empty,R,
3692,default,F,list1,list1-R,Rachel,0.77,2981,27,R,southern,S,C,R,
3649,default,M,list2,list2-R,Kenneth,0.27,16648,4,D,non-southern,N,C,R,
3649,default,M,list2,list2-R,Anthony,0.08,4195,5,R,southern,S,C,R,
3649,default,F,list2,list2-R,Amy,0.31,6603,6,R,southern,S,C,R,
3649,default,M,list2,list2-R,Christopher,0.7,5940,7,D,southern,S,C,R,
3649,default,M,list2,list2-R,Patrick,0.97,9792,8,R,Republican,R,Party,R,
3649,default,M,list2,list2-R,Justin,0.02,4556,9,R,Democrat,D,Party,R,
3649,default,F,list2,list2-R,Helen,0.01,10840,10,R,non-southern,N,C,R,
3649,default,F,list2,list2-R,Kimberly,0.84,8268,11,R,southern,S,C,R,
3649,default,F,list2,list2-R,Anna,0.71,12348,12,D,non-southern,N,C,R,
3649,default,F,list2,list2-R,Ashley,0,5145,13,D,southern,S,C,R,
3649,default,M,list2,list2-R,Eric,0.71,4817,14,R,non-southern,N,Empty,R,
3649,default,F,list2,list2-R,Emma,0.8,3572,15,D,southern,S,C,R,
3649,default,M,list2,list2-R,James,0.2,6703,16,R,non-southern,N,C,R,
3649,default,M,list2,list2-R,John,0.28,6399,17,R,non-southern,N,C,R,
3649,default,F,list2,list2-R,Amanda,1,3925,18,D,Democrat,D,Party,R,
3649,default,F,list2,list2-R,Jennifer,0.23,6021,19,R,non-southern,N,C,R,
3649,default,F,list2,list2-R,Stephanie,0.01,4203,20,D,Republican,R,Party,R,
3649,default,M,list2,list2-R,Jeff,0.63,6457,21,R,southern,S,Empty,R,
3649,default,M,list2,list2-R,Paul,0.69,5605,22,D,southern,S,C,R,
3649,default,M,list2,list2-R,Jason,0.8,3966,23,R,southern,S,C,R,
3649,default,M,list2,list2-R,Daniel,0.88,3572,24,D,non-southern,N,C,R,
3649,default,F,list2,list2-R,Michelle,0.53,3809,25,D,non-southern,N,C,R,
3649,default,F,list2,list2-R,Rebecca,0.63,3220,26,D,non-southern,N,Empty,R,
3649,default,F,list2,list2-R,Angela,0.16,5473,27,D,southern,S,Empty,R,
3691,default,F,list1,list1-R,Rebecca,0.59,12048,4,D,non-southern,N,Empty,R,
3691,default,F,list1,list1-R,Sarah,0.97,4766,5,R,southern,S,C,R,
3691,default,F,list1,list1-R,Jessica,0.72,3645,6,R,non-southern,N,C,R,
3691,default,M,list1,list1-R,David,0.02,4753,7,R,non-southern,N,C,R,
3691,default,F,list1,list1-R,Lisa,0.92,4055,8,D,non-southern,N,C,R,
3691,default,F,list1,list1-R,Angela,0.06,4219,9,D,southern,S,Empty,R,
3691,default,M,list1,list1-R,Joseph,0.97,3710,10,R,southern,S,C,R,
3691,default,M,list1,list1-R,Jeff,0.74,4017,11,R,southern,S,Empty,R,
3691,default,M,list1,list1-R,Justin,0.01,9200,12,R,Democrat,D,Party,R,
3691,default,M,list1,list1-R,Andrew,0.92,5252,13,R,southern,S,C,R,
3691,default,M,list1,list1-R,Tim,0.04,3710,14,R,non-southern,N,C,R,
3691,default,M,list1,list1-R,Ryan,0.04,3936,15,D,southern,S,C,R,
3691,default,M,list1,list1-R,Michael,0.09,3734,16,D,southern,S,C,R,
3691,default,F,list1,list1-R,Rachel,0.73,3354,17,R,southern,S,C,R,
3691,default,M,list1,list1-R,William,0.9,3677,18,D,non-southern,N,C,R,
3691,default,M,list1,list1-R,Eric,0.51,3071,19,R,non-southern,N,Empty,R,
3691,default,F,list1,list1-R,Haley,0.14,4006,20,D,southern,S,C,R,
3691,default,M,list1,list1-R,Patrick,0.99,3290,21,R,Republican,R,Party,R,
3691,default,F,list1,list1-R,Emily,0.03,5276,22,R,non-southern,N,C,R,
3691,default,M,list1,list1-R,Scott,0.61,4217,23,D,non-southern,N,C,R,
3691,default,F,list1,list1-R,Donna,0.03,4248,24,D,southern,S,C,R,
3691,default,F,list1,list1-R,Stephanie,0.02,3459,25,D,Republican,R,Party,R,
3691,default,F,list1,list1-R,Amanda,0.98,3960,26,D,Democrat,D,Party,R,
3691,default,F,list1,list1-R,Elizabeth,0.95,3242,27,D,non-southern,N,C,R,
3687,default,F,list1,list1-R,Amanda,0.01,11827,4,,Democrat,D,Party,R,
3687,default,M,list1,list1-R,David,0.53,8166,5,R,non-southern,N,C,R,
3687,default,M,list1,list1-R,Michael,0.78,5904,6,,southern,S,C,R,
3687,default,M,list1,list1-R,Eric,0.55,8064,7,R,non-southern,N,Empty,R,
3687,default,F,list1,list1-R,Donna,0.47,7789,8,,southern,S,C,R,
3687,default,F,list1,list1-R,Rebecca,0.4,6870,9,,non-southern,N,Empty,R,
3687,default,M,list1,list1-R,Patrick,1,8476,10,R,Republican,R,Party,R,
3687,default,M,list1,list1-R,Ryan,0.67,8146,11,,southern,S,C,R,
3687,default,F,list1,list1-R,Stephanie,1,6322,12,,Republican,R,Party,R,
3687,default,M,list1,list1-R,Tim,0.39,9065,13,R,non-southern,N,C,R,
3687,default,F,list1,list1-R,Jessica,0.41,7418,14,R,non-southern,N,C,R,
3687,default,M,list1,list1-R,Andrew,0.78,5453,15,R,southern,S,C,R,
3687,default,M,list1,list1-R,Jeff,0.41,6209,16,R,southern,S,Empty,R,
3687,default,M,list1,list1-R,Scott,0.65,7764,17,,non-southern,N,C,R,
3687,default,F,list1,list1-R,Sarah,0.62,6141,18,R,southern,S,C,R,
3687,default,F,list1,list1-R,Rachel,0.72,7180,19,R,southern,S,C,R,
3687,default,M,list1,list1-R,Justin,0.01,5545,20,R,Democrat,D,Party,R,
3687,default,F,list1,list1-R,Lisa,0.58,7373,21,,non-southern,N,C,R,
3687,default,M,list1,list1-R,Joseph,0.7,4770,22,R,southern,S,C,R,
3687,default,F,list1,list1-R,Angela,0.6,4432,23,,southern,S,Empty,R,
3687,default,F,list1,list1-R,Emily,0.42,4134,24,R,non-southern,N,C,R,
3687,default,F,list1,list1-R,Haley,0.63,5724,25,,southern,S,C,R,
3687,default,M,list1,list1-R,William,0.32,5188,26,,non-southern,N,C,R,
3687,default,F,list1,list1-R,Elizabeth,0.27,5986,27,,non-southern,N,C,R,
3681,default,F,list1,list1-D,Angela,0.38,21724,4,R,southern,S,Empty,D,
3681,default,M,list1,list1-D,Tim,0.41,9091,5,D,non-southern,N,C,D,
3681,default,M,list1,list1-D,Ryan,0.92,4503,6,R,southern,S,C,D,
3681,default,F,list1,list1-D,Rachel,0.42,14133,7,D,southern,S,C,D,
3681,default,M,list1,list1-D,Andrew,0.24,5892,8,D,southern,S,C,D,
3681,default,M,list1,list1-D,Jeff,0.65,7252,9,D,southern,S,Empty,D,
3681,default,M,list1,list1-D,Michael,0.88,5089,10,R,southern,S,C,D,
3681,default,M,list1,list1-D,Scott,0.2,13438,11,R,non-southern,N,C,D,
3681,default,F,list1,list1-D,Jessica,0.78,8068,12,D,non-southern,N,C,D,
3681,default,M,list1,list1-D,Eric,0.48,4889,13,D,non-southern,N,Empty,D,
3681,default,F,list1,list1-D,Rebecca,0.58,4553,14,R,non-southern,N,Empty,D,
3681,default,F,list1,list1-D,Elizabeth,0.22,3912,15,R,non-southern,N,C,D,
3681,default,F,list1,list1-D,Stephanie,1,6201,16,R,Republican,R,Party,D,
3681,default,M,list1,list1-D,Joseph,0.52,4211,17,D,southern,S,C,D,
3681,default,M,list1,list1-D,Justin,1,3541,18,D,Democrat,D,Party,D,
3681,default,M,list1,list1-D,Patrick,0,24757,19,D,Republican,R,Party,D,
3681,default,F,list1,list1-D,Lisa,0.24,3165,20,R,non-southern,N,C,D,
3681,default,M,list1,list1-D,William,0.52,3389,21,R,non-southern,N,C,D,
3681,default,F,list1,list1-D,Donna,0.89,5781,22,R,southern,S,C,D,
3681,default,F,list1,list1-D,Emily,0.84,5719,23,D,non-southern,N,C,D,
3681,default,F,list1,list1-D,Haley,0.72,4357,24,R,southern,S,C,D,
3681,default,F,list1,list1-D,Sarah,0.35,7805,25,D,southern,S,C,D,
3681,default,F,list1,list1-D,Amanda,0,3689,26,R,Democrat,D,Party,D,
3681,default,M,list1,list1-D,David,0.51,8995,27,D,non-southern,N,C,D,
3674,default,F,list1,list1-D,Rachel,0.29,16542,4,D,southern,S,C,D,
3674,default,M,list1,list1-D,Tim,0.81,11462,5,D,non-southern,N,C,D,
3674,default,M,list1,list1-D,Michael,0.8,5963,6,R,southern,S,C,D,
3674,default,M,list1,list1-D,Andrew,0.28,5828,7,D,southern,S,C,D,
3674,default,F,list1,list1-D,Rebecca,0.4,6432,8,R,non-southern,N,Empty,D,
3674,default,F,list1,list1-D,Donna,0.85,6778,9,R,southern,S,C,D,
3674,default,F,list1,list1-D,Lisa,0.36,5950,10,R,non-southern,N,C,D,
3674,default,M,list1,list1-D,William,0.26,5407,11,R,non-southern,N,C,D,
3674,default,M,list1,list1-D,Justin,1,7059,12,D,Democrat,D,Party,D,
3674,default,F,list1,list1-D,Sarah,0.26,3501,13,D,southern,S,C,D,
3674,default,M,list1,list1-D,Eric,0.75,8032,14,D,non-southern,N,Empty,D,
3674,default,M,list1,list1-D,Scott,0.24,6936,15,R,non-southern,N,C,D,
3674,default,M,list1,list1-D,Patrick,0,5117,16,D,Republican,R,Party,D,
3674,default,F,list1,list1-D,Stephanie,1,3807,17,R,Republican,R,Party,D,
3674,default,M,list1,list1-D,David,0.67,6332,18,D,non-southern,N,C,D,
3674,default,M,list1,list1-D,Ryan,0.83,5048,19,R,southern,S,C,D,
3674,default,F,list1,list1-D,Jessica,0.5,5285,20,D,non-southern,N,C,D,
3674,default,F,list1,list1-D,Amanda,0,5976,21,R,Democrat,D,Party,D,
3674,default,F,list1,list1-D,Angela,0.74,3572,22,R,southern,S,Empty,D,
3674,default,M,list1,list1-D,Jeff,0.34,6036,23,D,southern,S,Empty,D,
3674,default,F,list1,list1-D,Emily,1,3740,24,D,non-southern,N,C,D,
3674,default,M,list1,list1-D,Joseph,0.21,3230,25,D,southern,S,C,D,
3674,default,F,list1,list1-D,Haley,0.74,3274,26,R,southern,S,C,D,
3674,default,F,list1,list1-D,Elizabeth,0.32,5355,27,R,non-southern,N,C,D,
3670,default,F,list2,list2-D,Michelle,0.63,16931,4,R,non-southern,N,C,D,
3670,default,M,list2,list2-D,Anthony,0.32,4971,5,D,southern,S,C,D,
3670,default,F,list2,list2-D,Helen,1,4387,6,D,non-southern,N,C,D,
3670,default,F,list2,list2-D,Anna,0.5,2574,7,R,non-southern,N,C,D,
3670,default,F,list2,list2-D,Ashley,1,5003,8,R,southern,S,C,D,
3670,default,F,list2,list2-D,Stephanie,0.85,4484,9,R,Republican,R,Party,D,
3670,default,M,list2,list2-D,Paul,0.49,4851,10,R,southern,S,C,D,
3670,default,F,list2,list2-D,Kimberly,0.11,5448,11,D,southern,S,C,D,
3670,default,M,list2,list2-D,Christopher,0.78,3363,12,R,southern,S,C,D,
3670,default,M,list2,list2-D,Justin,0.89,4318,13,D,Democrat,D,Party,D,
3670,default,M,list2,list2-D,Patrick,0.04,4094,14,D,Republican,R,Party,D,
3670,default,F,list2,list2-D,Amy,0,4189,15,D,southern,S,C,D,
3670,default,M,list2,list2-D,Kenneth,0.71,3847,16,R,non-southern,N,C,D,
3670,default,M,list2,list2-D,Daniel,0.05,3249,17,R,non-southern,N,C,D,
3670,default,M,list2,list2-D,James,0.92,4726,18,D,non-southern,N,C,D,
3670,default,F,list2,list2-D,Amanda,0.11,3474,19,R,Democrat,D,Party,D,
3670,default,M,list2,list2-D,Jason,0.27,8182,20,D,southern,S,C,D,
3670,default,F,list2,list2-D,Jennifer,0.94,3736,21,D,non-southern,N,C,D,
3670,default,F,list2,list2-D,Emma,0.52,3489,22,R,southern,S,C,D,
3670,default,F,list2,list2-D,Rebecca,0.14,2605,23,R,non-southern,N,Empty,D,
3670,default,M,list2,list2-D,John,0.97,3328,24,D,non-southern,N,C,D,
3670,default,M,list2,list2-D,Jeff,0.4,3157,25,D,southern,S,Empty,D,
3670,default,M,list2,list2-D,Eric,0.56,3385,26,D,non-southern,N,Empty,D,
3670,default,F,list2,list2-D,Angela,0.74,3011,27,R,southern,S,Empty,D,
3678,default,M,list1,list1-D,Ryan,0.51,15471,4,R,southern,S,C,D,
3678,default,F,list1,list1-D,Sarah,0.51,7380,5,D,southern,S,C,D,
3678,default,F,list1,list1-D,Amanda,0.5,4373,6,R,Democrat,D,Party,D,
3678,default,F,list1,list1-D,Rachel,0.51,3525,7,D,southern,S,C,D,
3678,default,M,list1,list1-D,Andrew,0.4,5804,8,D,southern,S,C,D,
3678,default,F,list1,list1-D,Haley,0.49,7123,9,R,southern,S,C,D,
3678,default,F,list1,list1-D,Elizabeth,0.39,4229,10,R,non-southern,N,C,D,
3678,default,M,list1,list1-D,David,0.5,5772,11,D,non-southern,N,C,D,
3678,default,M,list1,list1-D,Joseph,0.62,4031,12,D,southern,S,C,D,
3678,default,M,list1,list1-D,Tim,0.83,3964,13,D,non-southern,N,C,D,
3678,default,F,list1,list1-D,Emily,0.67,3461,14,D,non-southern,N,C,D,
3678,default,M,list1,list1-D,Scott,0.5,2566,15,R,non-southern,N,C,D,
3678,default,F,list1,list1-D,Lisa,0.23,3925,16,R,non-southern,N,C,D,
3678,default,M,list1,list1-D,William,0.71,3559,17,R,non-southern,N,C,D,
3678,default,F,list1,list1-D,Donna,0.49,2940,18,R,southern,S,C,D,
3678,default,M,list1,list1-D,Eric,0.65,5309,19,D,non-southern,N,Empty,D,
3678,default,M,list1,list1-D,Michael,0.48,2901,20,R,southern,S,C,D,
3678,default,M,list1,list1-D,Patrick,0,8452,21,D,Republican,R,Party,D,
3678,default,F,list1,list1-D,Angela,0.5,3917,22,R,southern,S,Empty,D,
3678,default,F,list1,list1-D,Jessica,0.49,2614,23,D,non-southern,N,C,D,
3678,default,M,list1,list1-D,Jeff,0.5,5163,24,D,southern,S,Empty,D,
3678,default,F,list1,list1-D,Stephanie,1,4845,25,R,Republican,R,Party,D,
3678,default,F,list1,list1-D,Rebecca,0.56,3064,26,R,non-southern,N,Empty,D,
3678,default,M,list1,list1-D,Justin,1,4125,27,D,Democrat,D,Party,D,
3689,default,F,list2,list2-D,Anna,0.41,18595,4,,non-southern,N,C,D,
3689,default,M,list2,list2-D,Patrick,0.35,23415,5,D,Republican,R,Party,D,
3689,default,F,list2,list2-D,Jennifer,0.46,573359,6,D,non-southern,N,C,D,
3689,default,F,list2,list2-D,Ashley,0.77,12751,7,,southern,S,C,D,
3689,default,F,list2,list2-D,Rebecca,0.74,38912,8,,non-southern,N,Empty,D,
3689,default,M,list2,list2-D,Paul,0.23,10640,9,,southern,S,C,D,
3689,default,F,list2,list2-D,Amy,0.93,10912,10,D,southern,S,C,D,
3689,default,F,list2,list2-D,Michelle,0,13142,11,,non-southern,N,C,D,
3689,default,M,list2,list2-D,Justin,1,16591,12,D,Democrat,D,Party,D,
3689,default,M,list2,list2-D,Christopher,0.34,11551,13,,southern,S,C,D,
3689,default,M,list2,list2-D,James,0.78,9111,14,D,non-southern,N,C,D,
3689,default,F,list2,list2-D,Helen,0.85,11545,15,D,non-southern,N,C,D,
3689,default,M,list2,list2-D,Jeff,0.92,13118,16,D,southern,S,Empty,D,
3689,default,M,list2,list2-D,Daniel,1,13368,17,,non-southern,N,C,D,
3689,default,M,list2,list2-D,Kenneth,1,11615,18,,non-southern,N,C,D,
3689,default,M,list2,list2-D,Jason,0.02,18816,19,D,southern,S,C,D,
3689,default,M,list2,list2-D,John,0.87,36816,20,D,non-southern,N,C,D,
3689,default,M,list2,list2-D,Anthony,0.2,11127,21,D,southern,S,C,D,
3689,default,F,list2,list2-D,Angela,1,9711,22,,southern,S,Empty,D,
3689,default,F,list2,list2-D,Kimberly,1,11719,23,D,southern,S,C,D,
3689,default,F,list2,list2-D,Emma,1,8599,24,,southern,S,C,D,
3689,default,F,list2,list2-D,Stephanie,1,11527,25,,Republican,R,Party,D,
3689,default,M,list2,list2-D,Eric,0.17,9766,26,D,non-southern,N,Empty,D,
3689,default,F,list2,list2-D,Amanda,0,12271,27,,Democrat,D,Party,D,
3659,default,M,list1,list1-D,Justin,1,26977,4,D,Democrat,D,Party,D,
3659,default,F,list1,list1-D,Elizabeth,0.28,15327,5,R,non-southern,N,C,D,
3659,default,M,list1,list1-D,Eric,0.5,7495,6,D,non-southern,N,Empty,D,
3659,default,F,list1,list1-D,Lisa,0.41,8617,7,R,non-southern,N,C,D,
3659,default,F,list1,list1-D,Angela,0.84,7449,8,R,southern,S,Empty,D,
3659,default,M,list1,list1-D,Scott,0.51,6077,9,R,non-southern,N,C,D,
3659,default,F,list1,list1-D,Sarah,0.62,7897,10,D,southern,S,C,D,
3659,default,M,list1,list1-D,Michael,0.79,8795,11,R,southern,S,C,D,
3659,default,M,list1,list1-D,Joseph,0.55,9079,12,D,southern,S,C,D,
3659,default,M,list1,list1-D,David,0.39,5037,13,D,non-southern,N,C,D,
3659,default,M,list1,list1-D,Ryan,0.58,5673,14,R,southern,S,C,D,
3659,default,F,list1,list1-D,Rebecca,0.53,4387,15,R,non-southern,N,Empty,D,
3659,default,M,list1,list1-D,Tim,0.77,7036,16,D,non-southern,N,C,D,
3659,default,M,list1,list1-D,Patrick,0.03,5820,17,D,Republican,R,Party,D,
3659,default,M,list1,list1-D,William,0.46,37940,18,R,non-southern,N,C,D,
3659,default,F,list1,list1-D,Rachel,0.39,7180,19,D,southern,S,C,D,
3659,default,F,list1,list1-D,Jessica,0.53,4971,20,D,non-southern,N,C,D,
3659,default,F,list1,list1-D,Amanda,0.02,5759,21,R,Democrat,D,Party,D,
3659,default,F,list1,list1-D,Donna,0.63,6975,22,R,southern,S,C,D,
3659,default,M,list1,list1-D,Andrew,0.1,6203,23,D,southern,S,C,D,
3659,default,F,list1,list1-D,Haley,0.32,5446,24,R,southern,S,C,D,
3659,default,F,list1,list1-D,Emily,0.78,5474,25,D,non-southern,N,C,D,
3659,default,F,list1,list1-D,Stephanie,0.98,4053,26,R,Republican,R,Party,D,
3659,default,M,list1,list1-D,Jeff,0.53,5740,27,D,southern,S,Empty,D,
3657,default,M,list1,list1-R,Scott,0.62,12251,4,D,non-southern,N,C,R,
3657,default,M,list1,list1-R,Eric,0.67,7912,5,R,non-southern,N,Empty,R,
3657,default,F,list1,list1-R,Haley,0.49,3525,6,D,southern,S,C,R,
3657,default,F,list1,list1-R,Rebecca,0.51,3847,7,D,non-southern,N,Empty,R,
3657,default,F,list1,list1-R,Elizabeth,0.87,3869,8,D,non-southern,N,C,R,
3657,default,M,list1,list1-R,Joseph,0.93,4781,9,R,southern,S,C,R,
3657,default,F,list1,list1-R,Amanda,0.72,5639,10,D,Democrat,D,Party,R,
3657,default,F,list1,list1-R,Lisa,0.91,5811,11,D,non-southern,N,C,R,
3657,default,F,list1,list1-R,Stephanie,0.14,6043,12,D,Republican,R,Party,R,
3657,default,M,list1,list1-R,Justin,0.22,4152,13,R,Democrat,D,Party,R,
3657,default,M,list1,list1-R,David,0.53,4743,14,R,non-southern,N,C,R,
3657,default,M,list1,list1-R,William,0.72,3839,15,D,non-southern,N,C,R,
3657,default,F,list1,list1-R,Rachel,0.64,5952,16,R,southern,S,C,R,
3657,default,F,list1,list1-R,Donna,0.37,4611,17,D,southern,S,C,R,
3657,default,M,list1,list1-R,Andrew,0.24,3891,18,R,southern,S,C,R,
3657,default,M,list1,list1-R,Patrick,0.8,3651,19,R,Republican,R,Party,R,
3657,default,F,list1,list1-R,Angela,0.58,7393,20,D,southern,S,Empty,R,
3657,default,M,list1,list1-R,Ryan,0.18,6407,21,D,southern,S,C,R,
3657,default,F,list1,list1-R,Emily,0.24,3953,22,R,non-southern,N,C,R,
3657,default,M,list1,list1-R,Jeff,0.66,5014,23,R,southern,S,Empty,R,
3657,default,M,list1,list1-R,Michael,0.51,4402,24,D,southern,S,C,R,
3657,default,F,list1,list1-R,Jessica,0.22,3757,25,R,non-southern,N,C,R,
3657,default,M,list1,list1-R,Tim,0.18,3597,26,R,non-southern,N,C,R,
3657,default,F,list1,list1-R,Sarah,0.81,3097,27,R,southern,S,C,R,
3644,default,F,list2,list2-R,Jennifer,0.39,13716,4,R,non-southern,N,C,R,
3644,default,M,list2,list2-R,Eric,0.74,4613,5,R,non-southern,N,Empty,R,
3644,default,M,list2,list2-R,Daniel,0.98,6756,6,D,non-southern,N,C,R,
3644,default,M,list2,list2-R,Kenneth,0.25,6570,7,D,non-southern,N,C,R,
3644,default,F,list2,list2-R,Ashley,0.26,5033,8,D,southern,S,C,R,
3644,default,F,list2,list2-R,Emma,0.37,9594,9,D,southern,S,C,R,
3644,default,F,list2,list2-R,Anna,0.75,5261,10,D,non-southern,N,C,R,
3644,default,M,list2,list2-R,Paul,0.47,6036,11,D,southern,S,C,R,
3644,default,F,list2,list2-R,Stephanie,0.01,6810,12,D,Republican,R,Party,R,
3644,default,F,list2,list2-R,Kimberly,0.91,3921,13,R,southern,S,C,R,
3644,default,M,list2,list2-R,James,0.08,3120,14,R,non-southern,N,C,R,
3644,default,M,list2,list2-R,John,0.15,3674,15,R,non-southern,N,C,R,
3644,default,F,list2,list2-R,Rebecca,0.36,5656,16,D,non-southern,N,Empty,R,
3644,default,F,list2,list2-R,Michelle,0.53,8552,17,D,non-southern,N,C,R,
3644,default,M,list2,list2-R,Jeff,0.51,3976,18,R,southern,S,Empty,R,
3644,default,F,list2,list2-R,Amy,0.65,7974,19,R,southern,S,C,R,
3644,default,M,list2,list2-R,Patrick,0.98,8255,20,R,Republican,R,Party,R,
3644,default,F,list2,list2-R,Amanda,0.98,8414,21,D,Democrat,D,Party,R,
3644,default,M,list2,list2-R,Justin,0.01,4812,22,R,Democrat,D,Party,R,
3644,default,M,list2,list2-R,Jason,0.8,6871,23,R,southern,S,C,R,
3644,default,F,list2,list2-R,Angela,0.64,4255,24,D,southern,S,Empty,R,
3644,default,F,list2,list2-R,Helen,0.05,4814,25,R,non-southern,N,C,R,
3644,default,M,list2,list2-R,Anthony,0.82,4887,26,R,southern,S,C,R,
3644,default,M,list2,list2-R,Christopher,0.37,2988,27,D,southern,S,C,R,
3686,default,M,list1,list1-R,Justin,0.59,6822,4,R,Democrat,D,Party,R,
3686,default,F,list1,list1-R,Rachel,0.67,5144,5,R,southern,S,C,R,
3686,default,F,list1,list1-R,Haley,0.52,3464,6,,southern,S,C,R,
3686,default,M,list1,list1-R,Michael,0.56,2607,7,,southern,S,C,R,
3686,default,F,list1,list1-R,Donna,0.51,1960,8,,southern,S,C,R,
3686,default,F,list1,list1-R,Emily,0.38,2223,9,R,non-southern,N,C,R,
3686,default,M,list1,list1-R,Andrew,0.35,5520,10,R,southern,S,C,R,
3686,default,M,list1,list1-R,Scott,0.4,1720,11,,non-southern,N,C,R,
3686,default,F,list1,list1-R,Rebecca,0.34,1527,12,,non-southern,N,Empty,R,
3686,default,F,list1,list1-R,Sarah,0.43,1463,13,R,southern,S,C,R,
3686,default,M,list1,list1-R,Jeff,0.48,1344,14,R,southern,S,Empty,R,
3686,default,F,list1,list1-R,Stephanie,0.37,1912,15,,Republican,R,Party,R,
3686,default,M,list1,list1-R,David,0.46,1431,16,R,non-southern,N,C,R,
3686,default,M,list1,list1-R,Eric,0.2,1576,17,R,non-southern,N,Empty,R,
3686,default,M,list1,list1-R,Ryan,0.33,1311,18,,southern,S,C,R,
3686,default,F,list1,list1-R,Jessica,0.53,1488,19,R,non-southern,N,C,R,
3686,default,F,list1,list1-R,Elizabeth,0.62,1223,20,,non-southern,N,C,R,
3686,default,F,list1,list1-R,Amanda,0.59,1319,21,,Democrat,D,Party,R,
3686,default,F,list1,list1-R,Lisa,0.43,1552,22,,non-southern,N,C,R,
3686,default,M,list1,list1-R,Tim,0.49,1688,23,R,non-southern,N,C,R,
3686,default,F,list1,list1-R,Angela,0.58,2679,24,,southern,S,Empty,R,
3686,default,M,list1,list1-R,Patrick,0.31,1864,25,R,Republican,R,Party,R,
3686,default,M,list1,list1-R,William,0.56,2544,26,,non-southern,N,C,R,
3686,default,M,list1,list1-R,Joseph,0.35,3471,27,R,southern,S,C,R,
3688,default,M,list2,list2-D,Jeff,0.34,8543,4,D,southern,S,Empty,D,
3688,default,F,list2,list2-D,Anna,0.27,8150,5,,non-southern,N,C,D,
3688,default,F,list2,list2-D,Jennifer,1,5512,6,D,non-southern,N,C,D,
3688,default,M,list2,list2-D,James,0.97,2784,7,D,non-southern,N,C,D,
3688,default,M,list2,list2-D,Kenneth,0.53,5640,8,,non-southern,N,C,D,
3688,default,F,list2,list2-D,Kimberly,0.02,4672,9,D,southern,S,C,D,
3688,default,F,list2,list2-D,Rebecca,0.38,6511,10,,non-southern,N,Empty,D,
3688,default,M,list2,list2-D,Patrick,0.61,6432,11,D,Republican,R,Party,D,
3688,default,F,list2,list2-D,Michelle,0.02,4223,12,,non-southern,N,C,D,
3688,default,M,list2,list2-D,Daniel,0.01,4375,13,,non-southern,N,C,D,
3688,default,F,list2,list2-D,Helen,0.98,4120,14,D,non-southern,N,C,D,
3688,default,F,list2,list2-D,Angela,0.75,5359,15,,southern,S,Empty,D,
3688,default,M,list2,list2-D,Anthony,0,4295,16,D,southern,S,C,D,
3688,default,M,list2,list2-D,Justin,0.99,5991,17,D,Democrat,D,Party,D,
3688,default,M,list2,list2-D,Christopher,0.72,5383,18,,southern,S,C,D,
3688,default,F,list2,list2-D,Emma,0.34,5921,19,,southern,S,C,D,
3688,default,M,list2,list2-D,John,0.66,4815,20,D,non-southern,N,C,D,
3688,default,M,list2,list2-D,Eric,0.48,5616,21,D,non-southern,N,Empty,D,
3688,default,F,list2,list2-D,Amanda,0.02,4511,22,,Democrat,D,Party,D,
3688,default,F,list2,list2-D,Ashley,1,5959,23,,southern,S,C,D,
3688,default,F,list2,list2-D,Stephanie,0.99,3736,24,,Republican,R,Party,D,
3688,default,M,list2,list2-D,Paul,0.97,3888,25,,southern,S,C,D,
3688,default,F,list2,list2-D,Amy,0.03,3512,26,D,southern,S,C,D,
3688,default,M,list2,list2-D,Jason,0.46,6241,27,D,southern,S,C,D,
3685,default,F,list1,list1-R,Jessica,1,12018,4,R,non-southern,N,C,R,
3685,default,M,list1,list1-R,Jeff,0.68,7292,5,R,southern,S,Empty,R,
3685,default,F,list1,list1-R,Emily,0,7261,6,R,non-southern,N,C,R,
3685,default,M,list1,list1-R,Scott,0.28,7513,7,,non-southern,N,C,R,
3685,default,F,list1,list1-R,Rebecca,0.33,11926,8,,non-southern,N,Empty,R,
3685,default,F,list1,list1-R,Sarah,0.69,7254,9,R,southern,S,C,R,
3685,default,M,list1,list1-R,Eric,0.21,6193,10,R,non-southern,N,Empty,R,
3685,default,M,list1,list1-R,David,0.23,11698,11,R,non-southern,N,C,R,
3685,default,M,list1,list1-R,Patrick,1,6354,12,R,Republican,R,Party,R,
3685,default,M,list1,list1-R,Andrew,0.74,6220,13,R,southern,S,C,R,
3685,default,F,list1,list1-R,Lisa,0,4642,14,,non-southern,N,C,R,
3685,default,M,list1,list1-R,Ryan,0.76,8210,15,,southern,S,C,R,
3685,default,F,list1,list1-R,Amanda,0,4027,16,,Democrat,D,Party,R,
3685,default,M,list1,list1-R,Joseph,1,5516,17,R,southern,S,C,R,
3685,default,F,list1,list1-R,Elizabeth,0.12,4690,18,,non-southern,N,C,R,
3685,default,M,list1,list1-R,William,0.37,6573,19,,non-southern,N,C,R,
3685,default,F,list1,list1-R,Stephanie,1,5539,20,,Republican,R,Party,R,
3685,default,F,list1,list1-R,Donna,1,7695,21,,southern,S,C,R,
3685,default,M,list1,list1-R,Michael,0.71,7227,22,,southern,S,C,R,
3685,default,F,list1,list1-R,Rachel,0.69,5007,23,R,southern,S,C,R,
3685,default,M,list1,list1-R,Tim,0,3191,24,R,non-southern,N,C,R,
3685,default,F,list1,list1-R,Angela,0.52,6593,25,,southern,S,Empty,R,
3685,default,F,list1,list1-R,Haley,0.64,6833,26,,southern,S,C,R,
3685,default,M,list1,list1-R,Justin,0,4881,27,R,Democrat,D,Party,R,
3666,default,M,list1,list1-R,Eric,0.51,20934,4,R,non-southern,N,Empty,R,
3666,default,F,list1,list1-R,Jessica,0.38,10040,5,R,non-southern,N,C,R,
3666,default,F,list1,list1-R,Lisa,0.72,10066,6,D,non-southern,N,C,R,
3666,default,M,list1,list1-R,Justin,0,6921,7,R,Democrat,D,Party,R,
3666,default,M,list1,list1-R,Patrick,1,5976,8,R,Republican,R,Party,R,
3666,default,M,list1,list1-R,Jeff,0.66,8592,9,R,southern,S,Empty,R,
3666,default,F,list1,list1-R,Sarah,0.58,10712,10,R,southern,S,C,R,
3666,default,F,list1,list1-R,Haley,0.42,9448,11,D,southern,S,C,R,
3666,default,F,list1,list1-R,Elizabeth,0.71,5817,12,D,non-southern,N,C,R,
3666,default,M,list1,list1-R,Scott,0.51,8208,13,D,non-southern,N,C,R,
3666,default,M,list1,list1-R,William,0.6,5776,14,D,non-southern,N,C,R,
3666,default,F,list1,list1-R,Stephanie,0,5840,15,D,Republican,R,Party,R,
3666,default,M,list1,list1-R,Michael,0.47,6351,16,D,southern,S,C,R,
3666,default,M,list1,list1-R,Tim,0.35,7000,17,R,non-southern,N,C,R,
3666,default,M,list1,list1-R,Ryan,0.36,5870,18,D,southern,S,C,R,
3666,default,F,list1,list1-R,Donna,0.44,6880,19,D,southern,S,C,R,
3666,default,M,list1,list1-R,Joseph,0.69,6745,20,R,southern,S,C,R,
3666,default,M,list1,list1-R,David,0.37,5455,21,R,non-southern,N,C,R,
3666,default,F,list1,list1-R,Rachel,0.69,6369,22,R,southern,S,C,R,
3666,default,M,list1,list1-R,Andrew,0.68,5812,23,R,southern,S,C,R,
3666,default,F,list1,list1-R,Amanda,1,4746,24,D,Democrat,D,Party,R,
3666,default,F,list1,list1-R,Angela,0.44,10688,25,D,southern,S,Empty,R,
3666,default,F,list1,list1-R,Rebecca,0.59,6305,26,D,non-southern,N,Empty,R,
3666,default,F,list1,list1-R,Emily,0.34,5193,27,R,non-southern,N,C,R,
3656,default,M,list1,list1-R,Tim,0.02,15480,4,R,non-southern,N,C,R,
3656,default,F,list1,list1-R,Angela,0.22,16375,5,D,southern,S,Empty,R,
3656,default,F,list1,list1-R,Rebecca,0.01,9473,6,D,non-southern,N,Empty,R,
3656,default,F,list1,list1-R,Donna,0.04,15215,7,D,southern,S,C,R,
3656,default,M,list1,list1-R,Justin,0,11625,8,R,Democrat,D,Party,R,
3656,default,M,list1,list1-R,David,1,15358,9,R,non-southern,N,C,R,
3656,default,F,list1,list1-R,Stephanie,0,6564,10,D,Republican,R,Party,R,
3656,default,M,list1,list1-R,Andrew,0.98,23917,11,R,southern,S,C,R,
3656,default,F,list1,list1-R,Elizabeth,1,14273,12,D,non-southern,N,C,R,
3656,default,F,list1,list1-R,Lisa,1,11511,13,D,non-southern,N,C,R,
3656,default,F,list1,list1-R,Emily,0.01,8401,14,R,non-southern,N,C,R,
3656,default,M,list1,list1-R,Michael,0.42,14664,15,D,southern,S,C,R,
3656,default,M,list1,list1-R,Jeff,0.73,20028,16,R,southern,S,Empty,R,
3656,default,M,list1,list1-R,Patrick,0.98,4680,17,R,Republican,R,Party,R,
3656,default,F,list1,list1-R,Amanda,1,5640,18,D,Democrat,D,Party,R,
3656,default,M,list1,list1-R,Joseph,0.99,9114,19,R,southern,S,C,R,
3656,default,F,list1,list1-R,Jessica,0,10545,20,R,non-southern,N,C,R,
3656,default,F,list1,list1-R,Rachel,0.14,6343,21,R,southern,S,C,R,
3656,default,M,list1,list1-R,Eric,0.76,23979,22,R,non-southern,N,Empty,R,
3656,default,F,list1,list1-R,Sarah,0.96,5737,23,R,southern,S,C,R,
3656,default,M,list1,list1-R,Scott,0.04,9552,24,D,non-southern,N,C,R,
3656,default,M,list1,list1-R,William,1,14574,25,D,non-southern,N,C,R,
3656,default,F,list1,list1-R,Haley,0.5,11557,26,D,southern,S,C,R,
3656,default,M,list1,list1-R,Ryan,0.53,7333,27,D,southern,S,C,R,
3653,default,F,list1,list1-R,Lisa,0.52,11002,4,D,non-southern,N,C,R,
3653,default,M,list1,list1-R,William,0.55,19268,5,D,non-southern,N,C,R,
3653,default,F,list1,list1-R,Amanda,0.84,2828,6,D,Democrat,D,Party,R,
3653,default,F,list1,list1-R,Elizabeth,0.8,3546,7,D,non-southern,N,C,R,
3653,default,F,list1,list1-R,Rebecca,0.7,2436,8,D,non-southern,N,Empty,R,
3653,default,M,list1,list1-R,Andrew,0.61,3493,9,R,southern,S,C,R,
3653,default,F,list1,list1-R,Stephanie,0.91,6410,10,D,Republican,R,Party,R,
3653,default,F,list1,list1-R,Angela,0.94,3214,11,D,southern,S,Empty,R,
3653,default,F,list1,list1-R,Donna,0.63,4254,12,D,southern,S,C,R,
3653,default,M,list1,list1-R,Ryan,0.66,4907,13,D,southern,S,C,R,
3653,default,M,list1,list1-R,Michael,0.56,4823,14,D,southern,S,C,R,
3653,default,F,list1,list1-R,Emily,0.21,4440,15,R,non-southern,N,C,R,
3653,default,M,list1,list1-R,Eric,0.32,2832,16,R,non-southern,N,Empty,R,
3653,default,F,list1,list1-R,Jessica,0.36,3470,17,R,non-southern,N,C,R,
3653,default,M,list1,list1-R,Tim,0.37,4224,18,R,non-southern,N,C,R,
3653,default,F,list1,list1-R,Sarah,0.15,4848,19,R,southern,S,C,R,
3653,default,M,list1,list1-R,Joseph,0.47,3062,20,R,southern,S,C,R,
3653,default,F,list1,list1-R,Rachel,0.12,3818,21,R,southern,S,C,R,
3653,default,M,list1,list1-R,Justin,0,10084,22,R,Democrat,D,Party,R,
3653,default,M,list1,list1-R,Patrick,1,5254,23,R,Republican,R,Party,R,
3653,default,M,list1,list1-R,Scott,0.74,13140,24,D,non-southern,N,C,R,
3653,default,F,list1,list1-R,Haley,0.37,5072,25,D,southern,S,C,R,
3653,default,M,list1,list1-R,David,0.73,5558,26,R,non-southern,N,C,R,
3653,default,M,list1,list1-R,Jeff,0.31,3844,27,R,southern,S,Empty,R,
3675,default,M,list1,list1-D,Joseph,0.39,18334,4,D,southern,S,C,D,
3675,default,F,list1,list1-D,Emily,1,7759,5,D,non-southern,N,C,D,
3675,default,F,list1,list1-D,Lisa,0.72,7876,6,R,non-southern,N,C,D,
3675,default,M,list1,list1-D,Eric,0.42,12708,7,D,non-southern,N,Empty,D,
3675,default,M,list1,list1-D,Ryan,0.61,16099,8,R,southern,S,C,D,
3675,default,F,list1,list1-D,Rachel,0.39,9643,9,D,southern,S,C,D,
3675,default,M,list1,list1-D,Scott,0.58,7553,10,R,non-southern,N,C,D,
3675,default,F,list1,list1-D,Jessica,0.64,8248,11,D,non-southern,N,C,D,
3675,default,M,list1,list1-D,William,0.74,8385,12,R,non-southern,N,C,D,
3675,default,M,list1,list1-D,Tim,0.57,7822,13,D,non-southern,N,C,D,
3675,default,F,list1,list1-D,Amanda,0,11931,14,R,Democrat,D,Party,D,
3675,default,F,list1,list1-D,Sarah,0.43,10393,15,D,southern,S,C,D,
3675,default,M,list1,list1-D,Jeff,0.49,9556,16,D,southern,S,Empty,D,
3675,default,F,list1,list1-D,Donna,0.66,7316,17,R,southern,S,C,D,
3675,default,F,list1,list1-D,Rebecca,0.42,7731,18,R,non-southern,N,Empty,D,
3675,default,M,list1,list1-D,David,0.47,8054,19,D,non-southern,N,C,D,
3675,default,M,list1,list1-D,Patrick,0,7638,20,D,Republican,R,Party,D,
3675,default,M,list1,list1-D,Michael,0.79,5390,21,R,southern,S,C,D,
3675,default,F,list1,list1-D,Haley,0.56,7611,22,R,southern,S,C,D,
3675,default,M,list1,list1-D,Justin,1,6602,23,D,Democrat,D,Party,D,
3675,default,M,list1,list1-D,Andrew,0.08,9342,24,D,southern,S,C,D,
3675,default,F,list1,list1-D,Stephanie,1,8479,25,R,Republican,R,Party,D,
3675,default,F,list1,list1-D,Elizabeth,0.55,6898,26,R,non-southern,N,C,D,
3675,default,F,list1,list1-D,Angela,0.78,10564,27,R,southern,S,Empty,D,
3663,default,M,list2,list2-R,Justin,0.02,23284,4,R,Democrat,D,Party,R,
3663,default,M,list2,list2-R,Jason,0.69,14314,5,R,southern,S,C,R,
3663,default,M,list2,list2-R,Daniel,0.82,13541,6,D,non-southern,N,C,R,
3663,default,M,list2,list2-R,Paul,0.2,18372,7,D,southern,S,C,R,
3663,default,F,list2,list2-R,Angela,0.68,17541,8,D,southern,S,Empty,R,
3663,default,M,list2,list2-R,James,0.43,12693,9,R,non-southern,N,C,R,
3663,default,F,list2,list2-R,Amanda,0.98,12528,10,D,Democrat,D,Party,R,
3663,default,M,list2,list2-R,Christopher,0.26,10607,11,D,southern,S,C,R,
3663,default,M,list2,list2-R,Anthony,0.71,13608,12,R,southern,S,C,R,
3663,default,M,list2,list2-R,Eric,0.53,12701,13,R,non-southern,N,Empty,R,
3663,default,F,list2,list2-R,Rebecca,0.6,10460,14,D,non-southern,N,Empty,R,
3663,default,F,list2,list2-R,Anna,0.72,9667,15,D,non-southern,N,C,R,
3663,default,F,list2,list2-R,Kimberly,0.84,14290,16,R,southern,S,C,R,
3663,default,M,list2,list2-R,Jeff,0.67,9423,17,R,southern,S,Empty,R,
3663,default,F,list2,list2-R,Stephanie,0.01,9525,18,D,Republican,R,Party,R,
3663,default,M,list2,list2-R,Kenneth,0.63,11229,19,D,non-southern,N,C,R,
3663,default,F,list2,list2-R,Jennifer,0.33,8599,20,R,non-southern,N,C,R,
3663,default,F,list2,list2-R,Helen,0.1,10529,21,R,non-southern,N,C,R,
3663,default,F,list2,list2-R,Emma,0.4,10157,22,D,southern,S,C,R,
3663,default,M,list2,list2-R,Patrick,0.99,8063,23,R,Republican,R,Party,R,
3663,default,M,list2,list2-R,John,0.39,11004,24,R,non-southern,N,C,R,
3663,default,F,list2,list2-R,Amy,0.78,10408,25,R,southern,S,C,R,
3663,default,F,list2,list2-R,Michelle,0.83,9316,26,D,non-southern,N,C,R,
3663,default,F,list2,list2-R,Ashley,0.32,8661,27,D,southern,S,C,R,
3669,default,M,list2,list2-R,Justin,0,23093,4,R,Democrat,D,Party,R,
3669,default,M,list2,list2-R,Kenneth,0.5,15730,5,D,non-southern,N,C,R,
3669,default,F,list2,list2-R,Michelle,0.6,16033,6,D,non-southern,N,C,R,
3669,default,M,list2,list2-R,Christopher,0.21,11692,7,D,southern,S,C,R,
3669,default,M,list2,list2-R,Eric,0.34,29115,8,R,non-southern,N,Empty,R,
3669,default,M,list2,list2-R,Daniel,0.79,12196,9,D,non-southern,N,C,R,
3669,default,M,list2,list2-R,Patrick,0.98,6559,10,R,Republican,R,Party,R,
3669,default,M,list2,list2-R,Anthony,0.64,7010,11,R,southern,S,C,R,
3669,default,F,list2,list2-R,Ashley,0.13,11067,12,D,southern,S,C,R,
3669,default,F,list2,list2-R,Stephanie,0.02,7804,13,D,Republican,R,Party,R,
3669,default,F,list2,list2-R,Emma,0.31,12378,14,D,southern,S,C,R,
3669,default,M,list2,list2-R,James,0.78,5303,15,R,non-southern,N,C,R,
3669,default,F,list2,list2-R,Rebecca,0.49,4283,16,D,non-southern,N,Empty,R,
3669,default,M,list2,list2-R,Paul,0.12,7842,17,D,southern,S,C,R,
3669,default,M,list2,list2-R,Jeff,0.88,7223,18,R,southern,S,Empty,R,
3669,default,F,list2,list2-R,Kimberly,1,8675,19,R,southern,S,C,R,
3669,default,F,list2,list2-R,Anna,0.5,7248,20,D,non-southern,N,C,R,
3669,default,F,list2,list2-R,Helen,0.31,19812,21,R,non-southern,N,C,R,
3669,default,F,list2,list2-R,Amanda,1,5661,22,D,Democrat,D,Party,R,
3669,default,F,list2,list2-R,Amy,0.68,4945,23,R,southern,S,C,R,
3669,default,F,list2,list2-R,Angela,0.12,6944,24,D,southern,S,Empty,R,
3669,default,M,list2,list2-R,Jason,0.91,10344,25,R,southern,S,C,R,
3669,default,F,list2,list2-R,Jennifer,0.41,7401,26,R,non-southern,N,C,R,
3669,default,M,list2,list2-R,John,0.38,7148,27,R,non-southern,N,C,R,
3661,default,M,list1,list1-R,Tim,0.51,17358,4,R,non-southern,N,C,R,
3661,default,M,list1,list1-R,Jeff,0.47,8882,5,R,southern,S,Empty,R,
3661,default,F,list1,list1-R,Angela,0.5,5222,6,D,southern,S,Empty,R,
3661,default,M,list1,list1-R,Joseph,0.65,5966,7,R,southern,S,C,R,
3661,default,F,list1,list1-R,Elizabeth,0.42,5960,8,D,non-southern,N,C,R,
3661,default,M,list1,list1-R,Eric,0.71,4207,9,R,non-southern,N,Empty,R,
3661,default,M,list1,list1-R,Ryan,0.34,3643,10,D,southern,S,C,R,
3661,default,F,list1,list1-R,Stephanie,0.35,3472,11,D,Republican,R,Party,R,
3661,default,F,list1,list1-R,Amanda,0.36,2458,12,D,Democrat,D,Party,R,
3661,default,F,list1,list1-R,Haley,0.27,2855,13,D,southern,S,C,R,
3661,default,M,list1,list1-R,Justin,0.68,2440,14,R,Democrat,D,Party,R,
3661,default,F,list1,list1-R,Lisa,0.38,2746,15,D,non-southern,N,C,R,
3661,default,M,list1,list1-R,Scott,0.35,2440,16,D,non-southern,N,C,R,
3661,default,F,list1,list1-R,Sarah,0.66,3197,17,R,southern,S,C,R,
3661,default,M,list1,list1-R,Andrew,0.53,2884,18,R,southern,S,C,R,
3661,default,F,list1,list1-R,Rebecca,0.32,3179,19,D,non-southern,N,Empty,R,
3661,default,M,list1,list1-R,Patrick,0.72,2662,20,R,Republican,R,Party,R,
3661,default,F,list1,list1-R,Donna,0.43,3041,21,D,southern,S,C,R,
3661,default,M,list1,list1-R,Michael,0.74,2626,22,D,southern,S,C,R,
3661,default,F,list1,list1-R,Emily,0.39,3179,23,R,non-southern,N,C,R,
3661,default,M,list1,list1-R,David,0.62,2480,24,R,non-southern,N,C,R,
3661,default,F,list1,list1-R,Rachel,0.47,3678,25,R,southern,S,C,R,
3661,default,F,list1,list1-R,Jessica,0.68,5734,26,R,non-southern,N,C,R,
3661,default,M,list1,list1-R,William,0.36,7957,27,D,non-southern,N,C,R,
3676,default,M,list1,list1-D,Eric,0.48,10971,4,D,non-southern,N,Empty,D,
3676,default,M,list1,list1-D,Joseph,0.81,4837,5,D,southern,S,C,D,
3676,default,F,list1,list1-D,Donna,0.81,6711,6,R,southern,S,C,D,
3676,default,M,list1,list1-D,Patrick,0.01,4790,7,D,Republican,R,Party,D,
3676,default,F,list1,list1-D,Lisa,0.25,5790,8,R,non-southern,N,C,D,
3676,default,M,list1,list1-D,Jeff,0.37,5030,9,D,southern,S,Empty,D,
3676,default,F,list1,list1-D,Haley,0.81,5175,10,R,southern,S,C,D,
3676,default,M,list1,list1-D,Ryan,0.76,3142,11,R,southern,S,C,D,
3676,default,M,list1,list1-D,Michael,0.74,3489,12,R,southern,S,C,D,
3676,default,F,list1,list1-D,Emily,0.02,3970,13,D,non-southern,N,C,D,
3676,default,F,list1,list1-D,Amanda,0.01,8917,14,R,Democrat,D,Party,D,
3676,default,F,list1,list1-D,Stephanie,0.97,2688,15,R,Republican,R,Party,D,
3676,default,F,list1,list1-D,Jessica,0.87,2950,16,D,non-southern,N,C,D,
3676,default,F,list1,list1-D,Rachel,0.13,3566,17,D,southern,S,C,D,
3676,default,F,list1,list1-D,Sarah,0.2,3144,18,D,southern,S,C,D,
3676,default,M,list1,list1-D,Andrew,0.24,4874,19,D,southern,S,C,D,
3676,default,F,list1,list1-D,Rebecca,0.2,4262,20,R,non-southern,N,Empty,D,
3676,default,M,list1,list1-D,Justin,0.99,3390,21,D,Democrat,D,Party,D,
3676,default,M,list1,list1-D,Tim,0.78,5194,22,D,non-southern,N,C,D,
3676,default,M,list1,list1-D,Scott,0.5,3050,23,R,non-southern,N,C,D,
3676,default,F,list1,list1-D,Angela,0.78,3182,24,R,southern,S,Empty,D,
3676,default,M,list1,list1-D,William,0.22,3997,25,R,non-southern,N,C,D,
3676,default,F,list1,list1-D,Elizabeth,0.39,4931,26,R,non-southern,N,C,D,
3676,default,M,list1,list1-D,David,0.39,3562,27,D,non-southern,N,C,D,
3684,default,M,list1,list1-R,William,0.13,18980,4,D,non-southern,N,C,R,
3684,default,F,list1,list1-R,Rebecca,0.71,10435,5,D,non-southern,N,Empty,R,
3684,default,F,list1,list1-R,Sarah,0.8,7273,6,R,southern,S,C,R,
3684,default,M,list1,list1-R,Joseph,0.8,5991,7,R,southern,S,C,R,
3684,default,F,list1,list1-R,Elizabeth,0.9,7931,8,D,non-southern,N,C,R,
3684,default,F,list1,list1-R,Amanda,1,10462,9,D,Democrat,D,Party,R,
3684,default,M,list1,list1-R,Patrick,0.98,6161,10,R,Republican,R,Party,R,
3684,default,M,list1,list1-R,Justin,0,10367,11,R,Democrat,D,Party,R,
3684,default,M,list1,list1-R,Tim,0.38,9492,12,R,non-southern,N,C,R,
3684,default,M,list1,list1-R,Jeff,0.68,5738,13,R,southern,S,Empty,R,
3684,default,F,list1,list1-R,Jessica,0.22,4320,14,R,non-southern,N,C,R,
3684,default,F,list1,list1-R,Angela,0.75,4743,15,D,southern,S,Empty,R,
3684,default,F,list1,list1-R,Stephanie,0,7081,16,D,Republican,R,Party,R,
3684,default,M,list1,list1-R,David,0.51,6785,17,R,non-southern,N,C,R,
3684,default,F,list1,list1-R,Emily,0,6946,18,R,non-southern,N,C,R,
3684,default,M,list1,list1-R,Michael,0.39,6043,19,D,southern,S,C,R,
3684,default,M,list1,list1-R,Ryan,0.28,9988,20,D,southern,S,C,R,
3684,default,F,list1,list1-R,Haley,0.72,4707,21,D,southern,S,C,R,
3684,default,F,list1,list1-R,Donna,0.23,3893,22,D,southern,S,C,R,
3684,default,M,list1,list1-R,Eric,0.45,6072,23,R,non-southern,N,Empty,R,
3684,default,M,list1,list1-R,Andrew,1,6884,24,R,southern,S,C,R,
3684,default,M,list1,list1-R,Scott,0.42,7752,25,D,non-southern,N,C,R,
3684,default,F,list1,list1-R,Lisa,0.92,5497,26,D,non-southern,N,C,R,
3684,default,F,list1,list1-R,Rachel,0.62,8756,27,R,southern,S,C,R,
3679,default,F,list1,list1-D,Jessica,0.38,13147,4,D,non-southern,N,C,D,
3679,default,F,list1,list1-D,Rachel,0.59,11498,5,D,southern,S,C,D,
3679,default,F,list1,list1-D,Angela,0.25,7737,6,R,southern,S,Empty,D,
3679,default,F,list1,list1-D,Haley,0.91,7331,7,R,southern,S,C,D,
3679,default,M,list1,list1-D,William,0.14,5674,8,R,non-southern,N,C,D,
3679,default,F,list1,list1-D,Rebecca,0.48,7284,9,R,non-southern,N,Empty,D,
3679,default,M,list1,list1-D,Tim,0.88,8110,10,D,non-southern,N,C,D,
3679,default,M,list1,list1-D,Ryan,0.8,6384,11,R,southern,S,C,D,
3679,default,F,list1,list1-D,Donna,0.53,11109,12,R,southern,S,C,D,
3679,default,M,list1,list1-D,Jeff,0.48,10200,13,D,southern,S,Empty,D,
3679,default,F,list1,list1-D,Stephanie,1,8704,14,R,Republican,R,Party,D,
3679,default,M,list1,list1-D,David,0.74,5440,15,D,non-southern,N,C,D,
3679,default,M,list1,list1-D,Patrick,0,7904,16,D,Republican,R,Party,D,
3679,default,M,list1,list1-D,Michael,0.44,7733,17,R,southern,S,C,D,
3679,default,M,list1,list1-D,Eric,0.68,6191,18,D,non-southern,N,Empty,D,
3679,default,F,list1,list1-D,Elizabeth,0.42,17928,19,R,non-southern,N,C,D,
3679,default,F,list1,list1-D,Sarah,0.17,5308,20,D,southern,S,C,D,
3679,default,M,list1,list1-D,Joseph,0.43,6797,21,D,southern,S,C,D,
3679,default,M,list1,list1-D,Justin,1,3016,22,D,Democrat,D,Party,D,
3679,default,M,list1,list1-D,Andrew,0.22,5526,23,D,southern,S,C,D,
3679,default,F,list1,list1-D,Amanda,0,5356,24,R,Democrat,D,Party,D,
3679,default,M,list1,list1-D,Scott,0.36,7037,25,R,non-southern,N,C,D,
3679,default,F,list1,list1-D,Emily,0.88,5403,26,D,non-southern,N,C,D,
3679,default,F,list1,list1-D,Lisa,0.37,5669,27,R,non-southern,N,C,D,
3673,default,M,list1,list1-R,Michael,0.49,22670,4,D,southern,S,C,R,
3673,default,M,list1,list1-R,Justin,0.99,9038,5,R,Democrat,D,Party,R,
3673,default,M,list1,list1-R,Jeff,0.86,10608,6,R,southern,S,Empty,R,
3673,default,F,list1,list1-R,Rachel,0.69,12335,7,R,southern,S,C,R,
3673,default,M,list1,list1-R,Ryan,0.11,8367,8,D,southern,S,C,R,
3673,default,F,list1,list1-R,Angela,0.63,6711,9,D,southern,S,Empty,R,
3673,default,F,list1,list1-R,Donna,0.18,7567,10,D,southern,S,C,R,
3673,default,M,list1,list1-R,William,0.88,5591,11,D,non-southern,N,C,R,
3673,default,F,list1,list1-R,Elizabeth,0.49,9144,12,D,non-southern,N,C,R,
3673,default,F,list1,list1-R,Haley,0.21,7407,13,D,southern,S,C,R,
3673,default,F,list1,list1-R,Sarah,0.85,6408,14,R,southern,S,C,R,
3673,default,M,list1,list1-R,Andrew,0.94,8119,15,R,southern,S,C,R,
3673,default,M,list1,list1-R,Joseph,0.56,6088,16,R,southern,S,C,R,
3673,default,M,list1,list1-R,David,0.23,5992,17,R,non-southern,N,C,R,
3673,default,F,list1,list1-R,Jessica,0.27,9038,18,R,non-southern,N,C,R,
3673,default,M,list1,list1-R,Scott,0.48,6728,19,D,non-southern,N,C,R,
3673,default,F,list1,list1-R,Lisa,0.8,7055,20,D,non-southern,N,C,R,
3673,default,F,list1,list1-R,Stephanie,0.02,6135,21,D,Republican,R,Party,R,
3673,default,M,list1,list1-R,Tim,0.1,4848,22,R,non-southern,N,C,R,
3673,default,M,list1,list1-R,Eric,0.48,5814,23,R,non-southern,N,Empty,R,
3673,default,F,list1,list1-R,Amanda,0.99,4352,24,D,Democrat,D,Party,R,
3673,default,M,list1,list1-R,Patrick,0.98,5288,25,R,Republican,R,Party,R,
3673,default,F,list1,list1-R,Rebecca,0.52,5360,26,D,non-southern,N,Empty,R,
3673,default,F,list1,list1-R,Emily,0.15,4040,27,R,non-southern,N,C,R,
3682,default,M,list1,list1-D,Eric,0.82,15736,4,D,non-southern,N,Empty,D,
3682,default,F,list1,list1-D,Amanda,0,11542,5,R,Democrat,D,Party,D,
3682,default,F,list1,list1-D,Elizabeth,0.19,9584,6,R,non-southern,N,C,D,
3682,default,M,list1,list1-D,Michael,0.96,10721,7,R,southern,S,C,D,
3682,default,M,list1,list1-D,David,0.6,10090,8,D,non-southern,N,C,D,
3682,default,F,list1,list1-D,Emily,0.86,5748,9,D,non-southern,N,C,D,
3682,default,F,list1,list1-D,Lisa,0.07,13207,10,R,non-southern,N,C,D,
3682,default,F,list1,list1-D,Donna,0.81,7829,11,R,southern,S,C,D,
3682,default,M,list1,list1-D,Joseph,0.29,6703,12,D,southern,S,C,D,
3682,default,F,list1,list1-D,Haley,0.61,12442,13,R,southern,S,C,D,
3682,default,M,list1,list1-D,Jeff,0.68,9325,14,D,southern,S,Empty,D,
3682,default,M,list1,list1-D,Ryan,0.84,4870,15,R,southern,S,C,D,
3682,default,M,list1,list1-D,Andrew,0.12,6738,16,D,southern,S,C,D,
3682,default,F,list1,list1-D,Rachel,0.3,5646,17,D,southern,S,C,D,
3682,default,M,list1,list1-D,Justin,1,10968,18,D,Democrat,D,Party,D,
3682,default,F,list1,list1-D,Rebecca,0.51,8650,19,R,non-southern,N,Empty,D,
3682,default,F,list1,list1-D,Jessica,0.8,5703,20,D,non-southern,N,C,D,
3682,default,F,list1,list1-D,Angela,0.51,6243,21,R,southern,S,Empty,D,
3682,default,M,list1,list1-D,Scott,0.41,8133,22,R,non-southern,N,C,D,
3682,default,M,list1,list1-D,Patrick,0,18055,23,D,Republican,R,Party,D,
3682,default,M,list1,list1-D,William,0.62,5286,24,R,non-southern,N,C,D,
3682,default,F,list1,list1-D,Sarah,0.39,5096,25,D,southern,S,C,D,
3682,default,M,list1,list1-D,Tim,0.85,4904,26,D,non-southern,N,C,D,
3682,default,F,list1,list1-D,Stephanie,1,5501,27,R,Republican,R,Party,D,
3660,default,F,list2,list2-D,Ashley,0.59,21044,4,R,southern,S,C,D,
3660,default,F,list2,list2-D,Emma,0.48,15048,5,R,southern,S,C,D,
3660,default,M,list2,list2-D,Anthony,0.3,6640,6,D,southern,S,C,D,
3660,default,M,list2,list2-D,Kenneth,0.66,18087,7,R,non-southern,N,C,D,
3660,default,F,list2,list2-D,Stephanie,1,10862,8,R,Republican,R,Party,D,
3660,default,F,list2,list2-D,Helen,0.76,6658,9,D,non-southern,N,C,D,
3660,default,M,list2,list2-D,James,0.95,10966,10,D,non-southern,N,C,D,
3660,default,F,list2,list2-D,Amanda,0,5966,11,R,Democrat,D,Party,D,
3660,default,F,list2,list2-D,Rebecca,0.63,6189,12,R,non-southern,N,Empty,D,
3660,default,M,list2,list2-D,Eric,0.62,6806,13,D,non-southern,N,Empty,D,
3660,default,M,list2,list2-D,Patrick,0,13049,14,D,Republican,R,Party,D,
3660,default,M,list2,list2-D,Paul,0.75,8467,15,R,southern,S,C,D,
3660,default,M,list2,list2-D,Justin,1,8317,16,D,Democrat,D,Party,D,
3660,default,F,list2,list2-D,Amy,0.39,6914,17,D,southern,S,C,D,
3660,default,F,list2,list2-D,Angela,0.49,8859,18,R,southern,S,Empty,D,
3660,default,M,list2,list2-D,Jeff,0.35,7068,19,D,southern,S,Empty,D,
3660,default,F,list2,list2-D,Michelle,0.38,7742,20,R,non-southern,N,C,D,
3660,default,M,list2,list2-D,Daniel,0.57,9267,21,R,non-southern,N,C,D,
3660,default,M,list2,list2-D,Jason,0.31,7032,22,D,southern,S,C,D,
3660,default,F,list2,list2-D,Jennifer,0.78,5439,23,D,non-southern,N,C,D,
3660,default,M,list2,list2-D,Christopher,0.68,7196,24,R,southern,S,C,D,
3660,default,F,list2,list2-D,Anna,0.36,5328,25,R,non-southern,N,C,D,
3660,default,M,list2,list2-D,John,0.78,6853,26,D,non-southern,N,C,D,
3660,default,F,list2,list2-D,Kimberly,0.23,8708,27,D,southern,S,C,D,
3665,default,M,list2,list2-R,Jason,0.84,26509,4,R,southern,S,C,R,
3665,default,F,list2,list2-R,Michelle,0.27,23248,5,D,non-southern,N,C,R,
3665,default,M,list2,list2-R,John,0.67,12920,6,R,non-southern,N,C,R,
3665,default,F,list2,list2-R,Emma,0.39,13640,7,D,southern,S,C,R,
3665,default,M,list2,list2-R,James,0.83,13288,8,R,non-southern,N,C,R,
3665,default,M,list2,list2-R,Paul,0.16,13088,9,D,southern,S,C,R,
3665,default,F,list2,list2-R,Rebecca,0.66,11416,10,D,non-southern,N,Empty,R,
3665,default,F,list2,list2-R,Amy,1,8616,11,R,southern,S,C,R,
3665,default,F,list2,list2-R,Kimberly,0.54,12487,12,R,southern,S,C,R,
3665,default,F,list2,list2-R,Ashley,0.11,10096,13,D,southern,S,C,R,
3665,default,F,list2,list2-R,Jennifer,0.51,23112,14,R,non-southern,N,C,R,
3665,default,F,list2,list2-R,Amanda,1,15216,15,D,Democrat,D,Party,R,
3665,default,F,list2,list2-R,Angela,0.78,12400,16,D,southern,S,Empty,R,
3665,default,M,list2,list2-R,Patrick,1,9304,17,R,Republican,R,Party,R,
3665,default,M,list2,list2-R,Eric,0.45,11632,18,R,non-southern,N,Empty,R,
3665,default,F,list2,list2-R,Anna,0.64,7792,19,D,non-southern,N,C,R,
3665,default,M,list2,list2-R,Christopher,0.24,12888,20,D,southern,S,C,R,
3665,default,M,list2,list2-R,Anthony,0.31,10847,21,R,southern,S,C,R,
3665,default,M,list2,list2-R,Daniel,0.08,6833,22,D,non-southern,N,C,R,
3665,default,M,list2,list2-R,Justin,0,8120,23,R,Democrat,D,Party,R,
3665,default,M,list2,list2-R,Jeff,0.81,11608,24,R,southern,S,Empty,R,
3665,default,F,list2,list2-R,Stephanie,0,10744,25,D,Republican,R,Party,R,
3665,default,M,list2,list2-R,Kenneth,0.7,7632,26,D,non-southern,N,C,R,
3665,default,F,list2,list2-R,Helen,0.38,6246,27,R,non-southern,N,C,R,
3658,default,F,list2,list2-D,Stephanie,0.99,26816,4,R,Republican,R,Party,D,
3658,default,F,list2,list2-D,Amanda,0.01,9432,5,R,Democrat,D,Party,D,
3658,default,M,list2,list2-D,James,0.49,22717,6,D,non-southern,N,C,D,
3658,default,M,list2,list2-D,Daniel,0.99,16523,7,R,non-southern,N,C,D,
3658,default,M,list2,list2-D,John,0.49,20610,8,D,non-southern,N,C,D,
3658,default,F,list2,list2-D,Rebecca,0.75,11178,9,R,non-southern,N,Empty,D,
3658,default,F,list2,list2-D,Helen,0.96,10323,10,D,non-southern,N,C,D,
3658,default,M,list2,list2-D,Anthony,0.27,12354,11,D,southern,S,C,D,
3658,default,F,list2,list2-D,Angela,0.79,9106,12,R,southern,S,Empty,D,
3658,default,M,list2,list2-D,Jeff,0.52,14463,13,D,southern,S,Empty,D,
3658,default,F,list2,list2-D,Emma,0.77,6726,14,R,southern,S,C,D,
3658,default,F,list2,list2-D,Anna,0.5,12370,15,R,non-southern,N,C,D,
3658,default,F,list2,list2-D,Jennifer,0.51,15704,16,D,non-southern,N,C,D,
3658,default,M,list2,list2-D,Paul,0.77,6557,17,R,southern,S,C,D,
3658,default,M,list2,list2-D,Patrick,0.01,13121,18,D,Republican,R,Party,D,
3658,default,F,list2,list2-D,Ashley,0.77,10249,19,R,southern,S,C,D,
3658,default,M,list2,list2-D,Christopher,0.71,10257,20,R,southern,S,C,D,
3658,default,M,list2,list2-D,Justin,0.98,6396,21,D,Democrat,D,Party,D,
3658,default,M,list2,list2-D,Eric,0.51,10865,22,D,non-southern,N,Empty,D,
3658,default,M,list2,list2-D,Kenneth,0.77,6858,23,R,non-southern,N,C,D,
3658,default,F,list2,list2-D,Michelle,0.49,11297,24,R,non-southern,N,C,D,
3658,default,M,list2,list2-D,Jason,0.51,10567,25,D,southern,S,C,D,
3658,default,F,list2,list2-D,Amy,0.51,10278,26,D,southern,S,C,D,
3658,default,F,list2,list2-D,Kimberly,0.51,10426,27,D,southern,S,C,D,
3667,default,F,list2,list2-D,Rebecca,0.88,14440,4,R,non-southern,N,Empty,D,
3667,default,M,list2,list2-D,Christopher,0.4,8511,5,R,southern,S,C,D,
3667,default,F,list2,list2-D,Kimberly,0,8440,6,D,southern,S,C,D,
3667,default,M,list2,list2-D,Jason,0.64,13710,7,D,southern,S,C,D,
3667,default,F,list2,list2-D,Emma,0.26,8323,8,R,southern,S,C,D,
3667,default,M,list2,list2-D,Patrick,0,9972,9,D,Republican,R,Party,D,
3667,default,M,list2,list2-D,Justin,1,6057,10,D,Democrat,D,Party,D,
3667,default,F,list2,list2-D,Helen,0.96,16342,11,D,non-southern,N,C,D,
3667,default,M,list2,list2-D,James,0.96,8247,12,D,non-southern,N,C,D,
3667,default,F,list2,list2-D,Stephanie,1,7314,13,R,Republican,R,Party,D,
3667,default,M,list2,list2-D,Anthony,0.21,10876,14,D,southern,S,C,D,
3667,default,M,list2,list2-D,Paul,0.91,7831,15,R,southern,S,C,D,
3667,default,M,list2,list2-D,Jeff,0.57,16065,16,D,southern,S,Empty,D,
3667,default,M,list2,list2-D,Kenneth,0.95,8969,17,R,non-southern,N,C,D,
3667,default,F,list2,list2-D,Amy,0.04,6572,18,D,southern,S,C,D,
3667,default,M,list2,list2-D,Daniel,0.03,7482,19,R,non-southern,N,C,D,
3667,default,M,list2,list2-D,John,0.79,11908,20,D,non-southern,N,C,D,
3667,default,F,list2,list2-D,Angela,0.38,11543,21,R,southern,S,Empty,D,
3667,default,F,list2,list2-D,Anna,0.33,11024,22,R,non-southern,N,C,D,
3667,default,F,list2,list2-D,Amanda,0,5378,23,R,Democrat,D,Party,D,
3667,default,F,list2,list2-D,Michelle,0.16,5501,24,R,non-southern,N,C,D,
3667,default,F,list2,list2-D,Ashley,0.95,6109,25,R,southern,S,C,D,
3667,default,F,list2,list2-D,Jennifer,0.92,6323,26,D,non-southern,N,C,D,
3667,default,M,list2,list2-D,Eric,0.62,5609,27,D,non-southern,N,Empty,D,
3645,default,F,list2,list2-D,Emma,0.52,25742,4,R,southern,S,C,D,
3645,default,F,list2,list2-D,Ashley,0.74,4825,5,R,southern,S,C,D,
3645,default,F,list2,list2-D,Jennifer,0.29,9271,6,D,non-southern,N,C,D,
3645,default,M,list2,list2-D,Anthony,0.06,5178,7,D,southern,S,C,D,
3645,default,M,list2,list2-D,Christopher,0.87,4518,8,R,southern,S,C,D,
3645,default,M,list2,list2-D,Jeff,0.32,3516,9,D,southern,S,Empty,D,
3645,default,F,list2,list2-D,Kimberly,0.27,7166,10,D,southern,S,C,D,
3645,default,M,list2,list2-D,Justin,0.95,9811,11,D,Democrat,D,Party,D,
3645,default,F,list2,list2-D,Angela,0.9,4181,12,R,southern,S,Empty,D,
3645,default,M,list2,list2-D,Jason,0.16,5320,13,D,southern,S,C,D,
3645,default,F,list2,list2-D,Stephanie,0.97,3749,14,R,Republican,R,Party,D,
3645,default,M,list2,list2-D,James,0.87,5011,15,D,non-southern,N,C,D,
3645,default,M,list2,list2-D,John,0.79,6214,16,D,non-southern,N,C,D,
3645,default,M,list2,list2-D,Eric,0.54,5282,17,D,non-southern,N,Empty,D,
3645,default,F,list2,list2-D,Amanda,0.81,3738,18,R,Democrat,D,Party,D,
3645,default,F,list2,list2-D,Anna,0.09,9250,19,R,non-southern,N,C,D,
3645,default,M,list2,list2-D,Daniel,0.56,3270,20,R,non-southern,N,C,D,
3645,default,M,list2,list2-D,Paul,0.84,5121,21,R,southern,S,C,D,
3645,default,F,list2,list2-D,Michelle,0.54,3547,22,R,non-southern,N,C,D,
3645,default,F,list2,list2-D,Amy,0.13,4117,23,D,southern,S,C,D,
3645,default,M,list2,list2-D,Kenneth,0.83,3673,24,R,non-southern,N,C,D,
3645,default,M,list2,list2-D,Patrick,0.96,4853,25,D,Republican,R,Party,D,
3645,default,F,list2,list2-D,Helen,0.83,4125,26,D,non-southern,N,C,D,
3645,default,F,list2,list2-D,Rebecca,0.97,6272,27,R,non-southern,N,Empty,D,
3643,default,M,list2,list2-D,Christopher,0.51,12015,4,R,southern,S,C,D,
3643,default,M,list2,list2-D,John,0.51,3586,5,D,non-southern,N,C,D,
3643,default,F,list2,list2-D,Angela,0.49,4443,6,R,southern,S,Empty,D,
3643,default,M,list2,list2-D,Patrick,0.02,5636,7,D,Republican,R,Party,D,
3643,default,M,list2,list2-D,Eric,0.51,4942,8,D,non-southern,N,Empty,D,
3643,default,M,list2,list2-D,Anthony,0.5,3536,9,D,southern,S,C,D,
3643,default,F,list2,list2-D,Anna,0.5,3148,10,R,non-southern,N,C,D,
3643,default,M,list2,list2-D,Justin,0.98,2996,11,D,Democrat,D,Party,D,
3643,default,M,list2,list2-D,Jeff,0.51,2931,12,D,southern,S,Empty,D,
3643,default,M,list2,list2-D,Paul,0.51,2982,13,R,southern,S,C,D,
3643,default,F,list2,list2-D,Emma,0.5,2686,14,R,southern,S,C,D,
3643,default,F,list2,list2-D,Kimberly,0.51,3081,15,D,southern,S,C,D,
3643,default,M,list2,list2-D,Kenneth,0.5,3138,16,R,non-southern,N,C,D,
3643,default,M,list2,list2-D,Daniel,0.48,2054,17,R,non-southern,N,C,D,
3643,default,F,list2,list2-D,Jennifer,0.5,2824,18,D,non-southern,N,C,D,
3643,default,F,list2,list2-D,Stephanie,0.99,3238,19,R,Republican,R,Party,D,
3643,default,F,list2,list2-D,Rebecca,0.51,2665,20,R,non-southern,N,Empty,D,
3643,default,F,list2,list2-D,Amy,0.49,2015,21,D,southern,S,C,D,
3643,default,F,list2,list2-D,Amanda,0.01,3518,22,R,Democrat,D,Party,D,
3643,default,M,list2,list2-D,Jason,0.5,2932,23,D,southern,S,C,D,
3643,default,M,list2,list2-D,James,0.5,2081,24,D,non-southern,N,C,D,
3643,default,F,list2,list2-D,Ashley,0.5,2587,25,R,southern,S,C,D,
3643,default,F,list2,list2-D,Michelle,0.5,2709,26,R,non-southern,N,C,D,
3643,default,F,list2,list2-D,Helen,0.5,2350,27,D,non-southern,N,C,D,
3668,default,F,list2,list2-R,Stephanie,0,14803,4,D,Republican,R,Party,R,
3668,default,F,list2,list2-R,Jennifer,0.75,10540,5,R,non-southern,N,C,R,
3668,default,M,list2,list2-R,Paul,0.19,8077,6,D,southern,S,C,R,
3668,default,F,list2,list2-R,Amanda,1,4658,7,D,Democrat,D,Party,R,
3668,default,F,list2,list2-R,Anna,0.77,10180,8,D,non-southern,N,C,R,
3668,default,M,list2,list2-R,Eric,0.29,9192,9,R,non-southern,N,Empty,R,
3668,default,F,list2,list2-R,Angela,0.28,6040,10,D,southern,S,Empty,R,
3668,default,F,list2,list2-R,Ashley,0.49,7784,11,D,southern,S,C,R,
3668,default,M,list2,list2-R,Justin,0,7593,12,R,Democrat,D,Party,R,
3668,default,M,list2,list2-R,Christopher,0.48,8527,13,D,southern,S,C,R,
3668,default,M,list2,list2-R,John,0.5,4523,14,R,non-southern,N,C,R,
3668,default,F,list2,list2-R,Amy,0.59,8055,15,R,southern,S,C,R,
3668,default,F,list2,list2-R,Helen,0.14,5714,16,R,non-southern,N,C,R,
3668,default,M,list2,list2-R,James,0.61,5568,17,R,non-southern,N,C,R,
3668,default,F,list2,list2-R,Kimberly,0.66,7650,18,R,southern,S,C,R,
3668,default,M,list2,list2-R,Patrick,0.98,7425,19,R,Republican,R,Party,R,
3668,default,F,list2,list2-R,Michelle,0.77,7313,20,D,non-southern,N,C,R,
3668,default,M,list2,list2-R,Jason,0.34,8089,21,R,southern,S,C,R,
3668,default,M,list2,list2-R,Anthony,0.71,5782,22,R,southern,S,C,R,
3668,default,M,list2,list2-R,Daniel,0.79,6929,23,D,non-southern,N,C,R,
3668,default,F,list2,list2-R,Rebecca,0.29,6254,24,D,non-southern,N,Empty,R,
3668,default,F,list2,list2-R,Emma,0.26,9450,25,D,southern,S,C,R,
3668,default,M,list2,list2-R,Jeff,0.7,6851,26,R,southern,S,Empty,R,
3668,default,M,list2,list2-R,Kenneth,0.26,5186,27,D,non-southern,N,C,R,
3690,default,F,list2,list2-D,Amanda,0,33408,4,R,Democrat,D,Party,D,
3690,default,M,list2,list2-D,Paul,0.74,23196,5,R,southern,S,C,D,
3690,default,M,list2,list2-D,Kenneth,0.73,22844,6,R,non-southern,N,C,D,
3690,default,F,list2,list2-D,Michelle,0.35,15883,7,R,non-southern,N,C,D,
3690,default,F,list2,list2-D,Amy,0.12,11264,8,D,southern,S,C,D,
3690,default,F,list2,list2-D,Anna,0.22,16485,9,R,non-southern,N,C,D,
3690,default,M,list2,list2-D,Justin,0.98,9162,10,D,Democrat,D,Party,D,
3690,default,F,list2,list2-D,Angela,0.14,10373,11,R,southern,S,Empty,D,
3690,default,F,list2,list2-D,Emma,0.85,5765,12,R,southern,S,C,D,
3690,default,M,list2,list2-D,Patrick,0,12141,13,D,Republican,R,Party,D,
3690,default,F,list2,list2-D,Jennifer,0.7,9998,14,D,non-southern,N,C,D,
3690,default,M,list2,list2-D,Christopher,0.76,6487,15,R,southern,S,C,D,
3690,default,M,list2,list2-D,John,0.97,8701,16,D,non-southern,N,C,D,
3690,default,F,list2,list2-D,Stephanie,0.98,7411,17,R,Republican,R,Party,D,
3690,default,M,list2,list2-D,Anthony,0.16,7862,18,D,southern,S,C,D,
3690,default,M,list2,list2-D,Jeff,0.07,16133,19,D,southern,S,Empty,D,
3690,default,M,list2,list2-D,Daniel,0.16,8231,20,R,non-southern,N,C,D,
3690,default,M,list2,list2-D,Jason,0.13,7643,21,D,southern,S,C,D,
3690,default,M,list2,list2-D,James,0.93,5199,22,D,non-southern,N,C,D,
3690,default,F,list2,list2-D,Helen,0.92,3926,23,D,non-southern,N,C,D,
3690,default,M,list2,list2-D,Eric,0.65,7924,24,D,non-southern,N,Empty,D,
3690,default,F,list2,list2-D,Ashley,0.9,6636,25,R,southern,S,C,D,
3690,default,F,list2,list2-D,Rebecca,0.77,7445,26,R,non-southern,N,Empty,D,
3690,default,F,list2,list2-D,Kimberly,0.19,7361,27,D,southern,S,C,D,
3664,default,M,list2,list2-D,Jason,0.34,21079,4,D,southern,S,C,D,
3664,default,M,list2,list2-D,Jeff,0.3,13805,5,D,southern,S,Empty,D,
3664,default,F,list2,list2-D,Angela,0.57,6916,6,R,southern,S,Empty,D,
3664,default,M,list2,list2-D,Paul,0.27,6923,7,R,southern,S,C,D,
3664,default,F,list2,list2-D,Amanda,0.01,10067,8,R,Democrat,D,Party,D,
3664,default,M,list2,list2-D,Eric,0.61,11179,9,D,non-southern,N,Empty,D,
3664,default,M,list2,list2-D,John,0.57,9999,10,D,non-southern,N,C,D,
3664,default,F,list2,list2-D,Ashley,0.56,13767,11,R,southern,S,C,D,
3664,default,F,list2,list2-D,Anna,0.15,6731,12,R,non-southern,N,C,D,
3664,default,F,list2,list2-D,Kimberly,0.5,8532,13,D,southern,S,C,D,
3664,default,M,list2,list2-D,Anthony,0.41,10041,14,D,southern,S,C,D,
3664,default,F,list2,list2-D,Jennifer,0.89,9751,15,D,non-southern,N,C,D,
3664,default,M,list2,list2-D,Christopher,0.6,10318,16,R,southern,S,C,D,
3664,default,M,list2,list2-D,Kenneth,0.59,9735,17,R,non-southern,N,C,D,
3664,default,F,list2,list2-D,Emma,0.4,7763,18,R,southern,S,C,D,
3664,default,F,list2,list2-D,Stephanie,1,5845,19,R,Republican,R,Party,D,
3664,default,M,list2,list2-D,Patrick,0.01,6121,20,D,Republican,R,Party,D,
3664,default,F,list2,list2-D,Helen,0.9,6456,21,D,non-southern,N,C,D,
3664,default,M,list2,list2-D,James,0.67,10727,22,D,non-southern,N,C,D,
3664,default,F,list2,list2-D,Rebecca,0.15,6373,23,R,non-southern,N,Empty,D,
3664,default,M,list2,list2-D,Justin,0.99,5246,24,D,Democrat,D,Party,D,
3664,default,F,list2,list2-D,Michelle,0.18,5261,25,R,non-southern,N,C,D,
3664,default,F,list2,list2-D,Amy,0.48,7787,26,D,southern,S,C,D,
3664,default,M,list2,list2-D,Daniel,0.23,10693,27,R,non-southern,N,C,D,
3648,default,F,list2,list2-D,Emma,0.73,18024,4,R,southern,S,C,D,
3648,default,M,list2,list2-D,Justin,1,7726,5,D,Democrat,D,Party,D,
3648,default,M,list2,list2-D,Daniel,0.19,12928,6,R,non-southern,N,C,D,
3648,default,M,list2,list2-D,Eric,0.84,6982,7,D,non-southern,N,Empty,D,
3648,default,F,list2,list2-D,Stephanie,1,10208,8,R,Republican,R,Party,D,
3648,default,M,list2,list2-D,Anthony,0,5969,9,D,southern,S,C,D,
3648,default,M,list2,list2-D,James,0.84,7946,10,D,non-southern,N,C,D,
3648,default,M,list2,list2-D,Patrick,0,5310,11,D,Republican,R,Party,D,
3648,default,M,list2,list2-D,John,1,8039,12,D,non-southern,N,C,D,
3648,default,F,list2,list2-D,Amanda,0,4262,13,R,Democrat,D,Party,D,
3648,default,F,list2,list2-D,Amy,0.13,7245,14,D,southern,S,C,D,
3648,default,F,list2,list2-D,Jennifer,0.53,6000,15,D,non-southern,N,C,D,
3648,default,M,list2,list2-D,Jeff,0.31,4934,16,D,southern,S,Empty,D,
3648,default,F,list2,list2-D,Helen,1,4695,17,D,non-southern,N,C,D,
3648,default,F,list2,list2-D,Anna,0.67,4917,18,R,non-southern,N,C,D,
3648,default,F,list2,list2-D,Rebecca,0.31,4967,19,R,non-southern,N,Empty,D,
3648,default,F,list2,list2-D,Kimberly,0.15,5860,20,D,southern,S,C,D,
3648,default,F,list2,list2-D,Ashley,1,4090,21,R,southern,S,C,D,
3648,default,F,list2,list2-D,Angela,0.62,6904,22,R,southern,S,Empty,D,
3648,default,M,list2,list2-D,Kenneth,0.29,7751,23,R,non-southern,N,C,D,
3648,default,M,list2,list2-D,Jason,0.28,5533,24,D,southern,S,C,D,
3648,default,F,list2,list2-D,Michelle,0.27,4796,25,R,non-southern,N,C,D,
3648,default,M,list2,list2-D,Paul,0.99,4170,26,R,southern,S,C,D,
3648,default,M,list2,list2-D,Christopher,0.79,5159,27,R,southern,S,C,D,
